Prosodic Collocational Patterns of ZAI and ZHENGZAI in classical Chinese,,,
Verbs,ZAI,ZHENGZAI,Number of syllables
一头说笑，一头作活,0,2,polysyllabic lexical items
一愣,0,7,disyllabic lexical items
七张火嘴,0,1,polysyllabic lexical items
上紧挑穵,0,1,polysyllabic lexical items
上紧挑穵使深,0,1,polysyllabic lexical items
上马,0,1,disyllabic lexical items
下棋,1,1,disyllabic lexical items
下船,0,1,disyllabic lexical items
不信,0,1,disyllabic lexical items
不分胜败,0,1,polysyllabic lexical items
不得主意,0,2,polysyllabic lexical items
不得开交,0,1,polysyllabic lexical items
不明不白,0,1,polysyllabic lexical items
不甚清楚,1,0,polysyllabic lexical items
不解,0,3,disyllabic lexical items
不解什么缘故,0,1,polysyllabic lexical items
专心学道,0,1,polysyllabic lexical items
专心尽力一拳一脚想将胡惠乾打死以泄机房中人之辱,0,1,polysyllabic lexical items
东张西望,0,2,polysyllabic lexical items
东睃西望,0,1,polysyllabic lexical items
严察挐究,0,1,polysyllabic lexical items
严限缉拿,0,1,polysyllabic lexical items
为难,0,49,disyllabic lexical items
为难发愁,0,1,polysyllabic lexical items
举事,0,1,disyllabic lexical items
举杯要饮,0,1,polysyllabic lexical items
乏食,0,1,disyllabic lexical items
乞言,0,1,disyllabic lexical items
习练武术,0,1,polysyllabic lexical items
乱喊,0,1,disyllabic lexical items
乱窜,0,1,disyllabic lexical items
乱藏,0,1,disyllabic lexical items
乱闯,0,1,disyllabic lexical items
争功,0,1,disyllabic lexical items
争斗,0,1,disyllabic lexical items
争论,0,4,disyllabic lexical items
云雨,0,1,disyllabic lexical items
交仗,0,1,disyllabic lexical items
交战,0,3,disyllabic lexical items
交手,0,3,disyllabic lexical items
交结不开,0,1,polysyllabic lexical items
交谈,0,1,disyllabic lexical items
交锋,1,1,disyllabic lexical items
人饥马渴,0,1,polysyllabic lexical items
付价给他,0,1,polysyllabic lexical items
代你踌躇,0,1,polysyllabic lexical items
仰慕,1,0,disyllabic lexical items
仰羨,1,0,disyllabic lexical items
仰观,0,1,disyllabic lexical items
企遲,0,1,disyllabic lexical items
伏侍盥洗,0,1,polysyllabic lexical items
伐柯,0,1,disyllabic lexical items
会商,1,0,disyllabic lexical items
传令毕,0,1,polysyllabic lexical items
传疑,0,1,disyllabic lexical items
传见一般司、道,0,1,polysyllabic lexical items
传观,0,1,disyllabic lexical items
伤心,0,4,disyllabic lexical items
伤悲,0,1,disyllabic lexical items
伤感,1,0,disyllabic lexical items
似睡非睡,0,2,polysyllabic lexical items
作书,1,0,disyllabic lexical items
作呻吟,1,0,polysyllabic lexical items
作急,0,1,disyllabic lexical items
作法,1,3,disyllabic lexical items
作画,0,1,disyllabic lexical items
作笑,0,1,disyllabic lexical items
作针线,0,1,polysyllabic lexical items
作难,0,4,disyllabic lexical items
你一刀，我一枪，杀得高兴,0,1,polysyllabic lexical items
你言我语,0,1,polysyllabic lexical items
使用,0,1,disyllabic lexical items
依恋,1,0,disyllabic lexical items
保守四城,1,0,polysyllabic lexical items
修工,0,1,disyllabic lexical items
修炼,0,1,disyllabic lexical items
修筑,0,1,disyllabic lexical items
候旨,2,0,disyllabic lexical items
倾听,0,1,disyllabic lexical items
偎倚,0,1,disyllabic lexical items
做什么,1,0,polysyllabic lexical items
做官,1,0,disyllabic lexical items
做梦,2,0,disyllabic lexical items
做沽名钓誉的人,1,0,polysyllabic lexical items
做法事,0,1,polysyllabic lexical items
做着七盏灯的《烈女传》,0,1,polysyllabic lexical items
做菜,0,1,disyllabic lexical items
偷油,1,0,disyllabic lexical items
偷看双人,1,0,polysyllabic lexical items
偷看那对过房间的客人,0,1,polysyllabic lexical items
催人寻觅军师众将来护救,0,1,polysyllabic lexical items
催兵前进,0,2,polysyllabic lexical items
催比,0,1,disyllabic lexical items
催督各军且战且走,0,1,polysyllabic lexical items
兑银子赔鹰,0,1,polysyllabic lexical items
关他举动,0,1,polysyllabic lexical items
关粮,0,1,disyllabic lexical items
关门,0,1,disyllabic lexical items
兴作,0,1,disyllabic lexical items
兴修,0,1,disyllabic lexical items
兴兵征伐,0,1,polysyllabic lexical items
兴工,0,1,disyllabic lexical items
兴筑,0,1,disyllabic lexical items
养病,0,1,disyllabic lexical items
写,0,1,monosyllabic lexical items
写好了几封信,0,1,polysyllabic lexical items
写字,0,1,disyllabic lexical items
冲冲大怒,0,1,polysyllabic lexical items
冲踹贼营,0,1,polysyllabic lexical items
净面吃茶,0,2,polysyllabic lexical items
凄惶,0,1,disyllabic lexical items
凝思,0,3,disyllabic lexical items
凝思打点主意,0,1,polysyllabic lexical items
凝神,0,4,disyllabic lexical items
凝神侧耳,0,1,polysyllabic lexical items
凝神细想,0,1,polysyllabic lexical items
凝神观望,0,2,polysyllabic lexical items
凝神观看,0,4,polysyllabic lexical items
凝视,0,1,disyllabic lexical items
出丧,0,1,disyllabic lexical items
出恭,0,1,disyllabic lexical items
出神,1,5,disyllabic lexical items
出神捣鬼,1,0,polysyllabic lexical items
出神细看,0,1,polysyllabic lexical items
分付,0,1,disyllabic lexical items
分付枪刀要锐利,0,1,polysyllabic lexical items
分别,0,1,disyllabic lexical items
分居,1,0,disyllabic lexical items
分布营垒,0,2,polysyllabic lexical items
分派,0,2,disyllabic lexical items
分派兵将,0,1,polysyllabic lexical items
分理事务,0,1,polysyllabic lexical items
分辩,0,1,disyllabic lexical items
前思後想,0,1,polysyllabic lexical items
前行观望,0,1,polysyllabic lexical items
力怯,0,1,disyllabic lexical items
劝善,1,0,disyllabic lexical items
劝善规过,0,1,polysyllabic lexical items
劝彩云饮酒,0,1,polysyllabic lexical items
劝慰李昆,0,1,polysyllabic lexical items
劝解,0,1,disyllabic lexical items
劝解他,0,1,polysyllabic lexical items
劝解钱文华不必伤感,0,1,polysyllabic lexical items
劝说,0,1,disyllabic lexical items
办,1,0,monosyllabic lexical items
办军务,1,0,polysyllabic lexical items
办撤任的折子,0,1,polysyllabic lexical items
办着大关,0,1,polysyllabic lexical items
加工搭盖,0,1,polysyllabic lexical items
加鞭,0,1,disyllabic lexical items
动工挑穵,0,1,polysyllabic lexical items
动怒,0,1,disyllabic lexical items
动手,1,7,disyllabic lexical items
动问那大姐阿毛,1,0,polysyllabic lexical items
劫夺,0,1,disyllabic lexical items
劫寨,0,1,disyllabic lexical items
劫抢该处村庄,0,1,polysyllabic lexical items
励精求治,0,1,polysyllabic lexical items
劳心,0,1,disyllabic lexical items
勉强,0,1,disyllabic lexical items
勉强支持,0,1,polysyllabic lexical items
勉强梳头,0,1,polysyllabic lexical items
勒马巡河,0,1,polysyllabic lexical items
化纸,0,1,disyllabic lexical items
升堂,0,1,disyllabic lexical items
升帐,0,1,disyllabic lexical items
升座玄谈,0,1,polysyllabic lexical items
升座说法,0,1,polysyllabic lexical items
半疑半信,0,1,polysyllabic lexical items
博证远引,0,1,polysyllabic lexical items
危坐养气,0,1,polysyllabic lexical items
卸妆要睡,0,2,polysyllabic lexical items
厮扭,0,2,disyllabic lexical items
厮斗不下,0,1,polysyllabic lexical items
厮杀,0,3,disyllabic lexical items
厮认,1,0,disyllabic lexical items
参究,0,1,disyllabic lexical items
参观,0,1,disyllabic lexical items
又气又羞,0,1,polysyllabic lexical items
发作起来,1,0,polysyllabic lexical items
发出光来,0,1,polysyllabic lexical items
发呆,0,3,disyllabic lexical items
发呕,0,1,disyllabic lexical items
发威,0,1,disyllabic lexical items
发怒,0,2,disyllabic lexical items
发怔,0,1,disyllabic lexical items
发急,0,1,disyllabic lexical items
发愁,0,3,disyllabic lexical items
发愣,0,12,disyllabic lexical items
发慌,0,2,disyllabic lexical items
发抖,0,2,disyllabic lexical items
发放,0,1,disyllabic lexical items
发放银钱,0,1,polysyllabic lexical items
发极,0,1,disyllabic lexical items
发烦,0,1,disyllabic lexical items
发狂,0,1,disyllabic lexical items
发疯,0,1,disyllabic lexical items
发笑,0,1,disyllabic lexical items
发脚追赶,0,1,polysyllabic lexical items
发货落船,0,1,polysyllabic lexical items
发躁,0,2,disyllabic lexical items
发闷,0,2,disyllabic lexical items
受礼,1,0,disyllabic lexical items
受罪,1,0,disyllabic lexical items
受苦,0,1,disyllabic lexical items
变,0,1,monosyllabic lexical items
变通,1,0,disyllabic lexical items
叙些客套,0,1,polysyllabic lexical items
叙论,0,1,disyllabic lexical items
叙话,0,2,disyllabic lexical items
叙话得浓,0,1,polysyllabic lexical items
叙说,0,1,disyllabic lexical items
叙谈,0,1,disyllabic lexical items
叙阔,0,1,disyllabic lexical items
口出狂言大话,0,1,polysyllabic lexical items
叫,1,0,monosyllabic lexical items
叫不开,0,2,polysyllabic lexical items
叫人上楼,0,1,polysyllabic lexical items
叫唤,1,0,disyllabic lexical items
叫城,0,1,disyllabic lexical items
叫天天不语，叫地地不应,0,1,polysyllabic lexical items
叵測,0,1,disyllabic lexical items
号啕大哭,0,1,polysyllabic lexical items
叹异,0,1,disyllabic lexical items
叹息,0,2,disyllabic lexical items
叹气,0,1,disyllabic lexical items
叹赏,0,1,disyllabic lexical items
叹赏不绝,0,1,polysyllabic lexical items
吃个合卺之酒,0,1,polysyllabic lexical items
吃人,1,0,disyllabic lexical items
吃夜饭,1,0,polysyllabic lexical items
吃完了饭,0,1,polysyllabic lexical items
吃得高兴,0,1,polysyllabic lexical items
吃惊,0,1,disyllabic lexical items
吃早饭,0,1,polysyllabic lexical items
吃点心,0,1,polysyllabic lexical items
吃粪,0,1,disyllabic lexical items
吃羊,0,1,disyllabic lexical items
吃茶,0,5,disyllabic lexical items
吃药,0,1,disyllabic lexical items
吃补药,1,0,polysyllabic lexical items
吃酒,0,11,disyllabic lexical items
吃酒谈心,0,1,polysyllabic lexical items
吃醋,0,1,disyllabic lexical items
吃饭,1,1,disyllabic lexical items
各说其事,0,1,polysyllabic lexical items
吆吆喝喝,0,1,polysyllabic lexical items
吊孝,1,0,disyllabic lexical items
后悔自己方才在庙上不合一时粗心,0,1,polysyllabic lexical items
后悔自己方才在庙上不合一时粗心不曾认出他那个假面目来,0,1,polysyllabic lexical items
吐舌称异,0,2,polysyllabic lexical items
吞声饮泣,0,1,polysyllabic lexical items
吟咏,0,1,disyllabic lexical items
吟笺,1,0,disyllabic lexical items
吟罢酒令,0,1,polysyllabic lexical items
吩咐,0,3,disyllabic lexical items
吩咐伙计将店内暂闭,0,1,polysyllabic lexical items
吩咐收生,0,1,polysyllabic lexical items
含着眼泪,0,1,polysyllabic lexical items
含羞,1,0,disyllabic lexical items
含颦,0,1,disyllabic lexical items
听下面那位老英雄道姓名,0,1,polysyllabic lexical items
听审,3,0,disyllabic lexical items
听得出神,0,1,polysyllabic lexical items
听得有些入神儿,0,2,polysyllabic lexical items
听得诧异,0,1,polysyllabic lexical items
听得高兴,0,1,polysyllabic lexical items
听着,0,1,disyllabic lexical items
听见赵姨娘厮吵,0,1,polysyllabic lexical items
听讲解经书,1,0,polysyllabic lexical items
启行,0,1,disyllabic lexical items
吵不清,0,2,polysyllabic lexical items
吵闹,0,4,disyllabic lexical items
呆呆的不得劲儿,0,1,polysyllabic lexical items
呆想,0,2,disyllabic lexical items
呆望,0,2,disyllabic lexical items
呆看,0,1,disyllabic lexical items
呆看动静,0,1,polysyllabic lexical items
呆立盼望,0,1,polysyllabic lexical items
告诉薛龙、薛虎，将赛姜维压在假山洞口,0,1,polysyllabic lexical items
呕气,0,2,disyllabic lexical items
呕秽嚷乱,0,1,polysyllabic lexical items
呼,1,0,monosyllabic lexical items
咕哝,1,0,disyllabic lexical items
咕噜,1,0,disyllabic lexical items
哀求,1,0,disyllabic lexical items
哀痛,0,2,disyllabic lexical items
哄劝,1,0,disyllabic lexical items
响雷,1,0,disyllabic lexical items
哭,2,0,monosyllabic lexical items
哭别,0,1,disyllabic lexical items
哭哭啼啼,0,1,polysyllabic lexical items
哭得难解难分,0,1,polysyllabic lexical items
哭求,0,1,disyllabic lexical items
哭泣,0,3,disyllabic lexical items
哺乳,1,0,disyllabic lexical items
哼痛,0,1,disyllabic lexical items
唏欷,0,1,disyllabic lexical items
唠唠叨叨,0,1,polysyllabic lexical items
唧唧哝哝,0,1,polysyllabic lexical items
唱,0,1,monosyllabic lexical items
唱着,0,1,disyllabic lexical items
商確,2,0,disyllabic lexical items
商议,0,19,disyllabic lexical items
商议军事,0,1,polysyllabic lexical items
商议办法,0,1,polysyllabic lexical items
商议御乱之策,0,1,polysyllabic lexical items
商议朝廷大事,0,1,polysyllabic lexical items
商议迎敌之策,0,1,polysyllabic lexical items
商量,1,2,disyllabic lexical items
商量回去夺回山林,0,1,polysyllabic lexical items
商量攻打,0,1,polysyllabic lexical items
啼哭,2,3,disyllabic lexical items
啼啼哭哭,0,1,polysyllabic lexical items
喊,1,0,monosyllabic lexical items
喊冤,0,1,disyllabic lexical items
喊叫,0,1,disyllabic lexical items
喊杀,0,1,disyllabic lexical items
喝着茶,0,1,polysyllabic lexical items
喝着酒,0,1,polysyllabic lexical items
喝茶,0,1,disyllabic lexical items
喝酒,0,7,disyllabic lexical items
喝酒、吃饭,0,1,polysyllabic lexical items
喝酒等着,1,0,polysyllabic lexical items
喝酒谈心,0,1,polysyllabic lexical items
喧哗,0,1,disyllabic lexical items
喧嚷,0,1,disyllabic lexical items
嗟叹,0,7,disyllabic lexical items
嘈杂,0,1,disyllabic lexical items
嘘气,1,0,disyllabic lexical items
嘱付,0,1,disyllabic lexical items
嚎啕大哭,0,1,polysyllabic lexical items
嚷着,0,1,disyllabic lexical items
嚷闹,0,1,disyllabic lexical items
四顾彷徨,0,1,polysyllabic lexical items
四顾踌躇,0,1,polysyllabic lexical items
回礼,1,0,disyllabic lexical items
回禀,0,1,disyllabic lexical items
回答,0,1,disyllabic lexical items
回话,0,1,disyllabic lexical items
围住得意,0,1,polysyllabic lexical items
坐朝,0,1,disyllabic lexical items
坐殿,0,1,disyllabic lexical items
垂涎,0,1,disyllabic lexical items
埋怨和尚,0,1,polysyllabic lexical items
埋怨宝刀将韩殿魁,0,1,polysyllabic lexical items
堵築未完,0,1,polysyllabic lexical items
声嚷,0,1,disyllabic lexical items
备敌,0,1,disyllabic lexical items
备酒相陪,0,1,polysyllabic lexical items
大吵,0,1,disyllabic lexical items
大喜,0,1,disyllabic lexical items
大嚼,0,1,disyllabic lexical items
大怒,0,5,disyllabic lexical items
大悦,0,1,disyllabic lexical items
大惊小怪,1,0,polysyllabic lexical items
大战,0,1,disyllabic lexical items
大排素宴,0,1,polysyllabic lexical items
大摆筵席,0,1,polysyllabic lexical items
大笑,0,1,disyllabic lexical items
大肆横行,0,1,polysyllabic lexical items
大言不惭,1,0,polysyllabic lexical items
大骂,1,0,disyllabic lexical items
大骂贼人,1,0,polysyllabic lexical items
天翻地覆,0,1,polysyllabic lexical items
夸他师父的本事,0,1,polysyllabic lexical items
夸口,0,1,disyllabic lexical items
奇怪,0,1,disyllabic lexical items
奉承,0,1,disyllabic lexical items
奉承他,1,0,polysyllabic lexical items
奉旨,0,1,disyllabic lexical items
奔走,0,1,disyllabic lexical items
奔逃,0,1,disyllabic lexical items
好睡,0,4,disyllabic lexical items
委决不下,0,1,polysyllabic lexical items
婉转踌躇,0,1,polysyllabic lexical items
嫌憎他二人这宗气味难闻,0,1,polysyllabic lexical items
孤疑,0,1,disyllabic lexical items
学习指掌臂法,0,1,polysyllabic lexical items
守制,2,0,disyllabic lexical items
安戢释疑,0,1,polysyllabic lexical items
安抚料理,0,1,polysyllabic lexical items
安排一切,0,1,polysyllabic lexical items
安营,0,1,disyllabic lexical items
审断,0,1,disyllabic lexical items
审讯,1,0,disyllabic lexical items
审诘,0,1,disyllabic lexical items
审问,1,0,disyllabic lexical items
审问一起奸情,0,1,polysyllabic lexical items
害怕,1,6,disyllabic lexical items
害病,1,0,disyllabic lexical items
宴乐,0,1,disyllabic lexical items
密语,0,1,disyllabic lexical items
察照历臣原题,0,1,polysyllabic lexical items
对坐愁闷,0,1,polysyllabic lexical items
对坐说话,0,1,polysyllabic lexical items
对弈,0,1,disyllabic lexical items
对打,0,1,disyllabic lexical items
对敌,0,1,disyllabic lexical items
对着镜子，细匀铅黄,0,1,polysyllabic lexical items
对镜梳头,0,2,polysyllabic lexical items
对阵,1,0,disyllabic lexical items
寻乐,0,1,disyllabic lexical items
寻仙求道,0,1,polysyllabic lexical items
寻山上烧香的人捎信与你,0,1,polysyllabic lexical items
寻思,0,7,disyllabic lexical items
寻思一计,0,1,polysyllabic lexical items
寻找,0,2,disyllabic lexical items
寻找老蛟不得,0,1,polysyllabic lexical items
寻找那笑声从哪儿来,0,1,polysyllabic lexical items
寻死,0,1,disyllabic lexical items
寻觅,0,1,disyllabic lexical items
将上好美酒，小缸倾转大缸，香浓浓的顺风吹送来,0,1,polysyllabic lexical items
将枪刺空,0,1,polysyllabic lexical items
将计就计,1,0,polysyllabic lexical items
尋思,0,1,disyllabic lexical items
尽力相杀,0,1,polysyllabic lexical items
巡历,0,1,disyllabic lexical items
巡城,0,2,disyllabic lexical items
巡夜,0,1,disyllabic lexical items
巡更,0,1,disyllabic lexical items
巡查,0,1,disyllabic lexical items
巡查南山口,0,1,polysyllabic lexical items
左右为难,0,2,polysyllabic lexical items
左思右想,0,1,polysyllabic lexical items
左思有想,0,1,polysyllabic lexical items
左近窥探,0,1,polysyllabic lexical items
差人打听,0,1,polysyllabic lexical items
希冀,1,0,disyllabic lexical items
带想带走,0,1,polysyllabic lexical items
庆贺,0,1,disyllabic lexical items
序稿,0,1,disyllabic lexical items
应考,1,0,disyllabic lexical items
应酬的高兴,0,1,polysyllabic lexical items
应酬那些人,0,1,polysyllabic lexical items
建造,1,0,disyllabic lexical items
开怀畅饮不表,0,1,polysyllabic lexical items
开掘,0,1,disyllabic lexical items
开杀戒,1,0,polysyllabic lexical items
开演,0,1,disyllabic lexical items
开花,1,0,disyllabic lexical items
开门,1,1,disyllabic lexical items
引孩子顽笑,0,1,polysyllabic lexical items
引见,0,1,disyllabic lexical items
张口,0,1,disyllabic lexical items
张望,0,1,disyllabic lexical items
张看,0,1,disyllabic lexical items
张着口,0,1,polysyllabic lexical items
弹唱,0,1,disyllabic lexical items
弹唱吃酒,0,1,polysyllabic lexical items
强辩,0,1,disyllabic lexical items
彷徨,2,0,disyllabic lexical items
征剿,0,1,disyllabic lexical items
得意,0,5,disyllabic lexical items
得意洋洋,0,6,polysyllabic lexical items
得趣,0,2,disyllabic lexical items
徘徊,1,2,disyllabic lexical items
徘徊不舍,0,1,polysyllabic lexical items
御,8,0,monosyllabic lexical items
御蚊,1,0,disyllabic lexical items
御风而行,0,1,polysyllabic lexical items
徬徨,0,1,disyllabic lexical items
徬徨无计,0,1,polysyllabic lexical items
心急,0,1,disyllabic lexical items
心惊胆裂,0,1,polysyllabic lexical items
心慌,0,2,disyllabic lexical items
心担恐惧,0,1,polysyllabic lexical items
心满意足,0,1,polysyllabic lexical items
心烦,0,1,disyllabic lexical items
心烦意乱,0,1,polysyllabic lexical items
心焦,0,2,disyllabic lexical items
心疑,0,1,disyllabic lexical items
心荡神迷,0,1,polysyllabic lexical items
忐忑,0,1,disyllabic lexical items
忖个计策,1,0,polysyllabic lexical items
忖度,0,1,disyllabic lexical items
忖量,0,1,disyllabic lexical items
忙乱,0,5,disyllabic lexical items
忙個不了,0,1,polysyllabic lexical items
忙的不堪,0,1,polysyllabic lexical items
忙着,0,1,disyllabic lexical items
忙碌,0,1,disyllabic lexical items
忧心,0,2,disyllabic lexical items
忧恼,0,1,disyllabic lexical items
忧惧,0,1,disyllabic lexical items
忧惶,0,1,disyllabic lexical items
忧愁,0,1,disyllabic lexical items
忧疑,0,2,disyllabic lexical items
忧虑,0,7,disyllabic lexical items
忧闷,0,2,disyllabic lexical items
忧闷三位仙姑的去向,0,1,polysyllabic lexical items
快乐,0,1,disyllabic lexical items
快活,0,1,disyllabic lexical items
念,6,0,monosyllabic lexical items
念书,0,1,disyllabic lexical items
念佛,1,0,disyllabic lexical items
念叨,0,1,disyllabic lexical items
念经,1,0,disyllabic lexical items
念诵,0,3,disyllabic lexical items
念道‘天文双声’,0,1,polysyllabic lexical items
忿恨,0,1,disyllabic lexical items
怀疑,3,0,disyllabic lexical items
怀疑他是否有造化,1,0,polysyllabic lexical items
怒不可遏,0,1,polysyllabic lexical items
怒发冲冠，势如破竹，走发了性子,0,1,polysyllabic lexical items
怒气勃勃,0,1,polysyllabic lexical items
怒气未息,0,1,polysyllabic lexical items
思乡垂泪,0,1,polysyllabic lexical items
思忖,0,4,disyllabic lexical items
思念儿女落泪,0,1,polysyllabic lexical items
思念此人,0,1,polysyllabic lexical items
思念流泪,0,1,polysyllabic lexical items
思念瑞龙困在狱中,0,1,polysyllabic lexical items
思想,0,29,disyllabic lexical items
思想如何破得宋兵之计,0,1,polysyllabic lexical items
思想自己终身,0,1,polysyllabic lexical items
思想计策,0,1,polysyllabic lexical items
思算,0,1,disyllabic lexical items
思索,0,16,disyllabic lexical items
思虑,1,2,disyllabic lexical items
思量,0,8,disyllabic lexical items
思量计较,0,1,polysyllabic lexical items
思闷,0,1,disyllabic lexical items
思饮,0,1,disyllabic lexical items
急于成全他的终身大事,0,1,polysyllabic lexical items
急于成全她的终身大事,0,1,polysyllabic lexical items
急得坐卧不安,0,1,polysyllabic lexical items
急迫,0,1,disyllabic lexical items
怨恨,0,1,disyllabic lexical items
怨恨东方朔,0,1,polysyllabic lexical items
恨他,1,1,disyllabic lexical items
恨着章秋谷无故把他们骂了一顿,0,1,polysyllabic lexical items
恭维东方明,0,1,polysyllabic lexical items
恶斗,0,1,disyllabic lexical items
恸哭,0,1,disyllabic lexical items
恸悼,0,1,disyllabic lexical items
恼你,0,1,disyllabic lexical items
恼怒,0,3,disyllabic lexical items
恼恨,0,1,disyllabic lexical items
恼闷,0,1,disyllabic lexical items
悔恨,0,1,disyllabic lexical items
悬念,0,1,disyllabic lexical items
悬悬,1,0,disyllabic lexical items
悲伤,0,4,disyllabic lexical items
悲切,0,1,disyllabic lexical items
悲思,0,1,disyllabic lexical items
悲泣,0,1,disyllabic lexical items
悲痛,0,1,disyllabic lexical items
悲苦,0,1,disyllabic lexical items
情思迷离香魂若醉,0,1,polysyllabic lexical items
情急,0,1,disyllabic lexical items
惊异,0,1,disyllabic lexical items
惊忧,0,1,disyllabic lexical items
惊惧,0,2,disyllabic lexical items
惊惶,0,4,disyllabic lexical items
惊惶失措,0,1,polysyllabic lexical items
惊惶无措,0,1,polysyllabic lexical items
惊慌,0,18,disyllabic lexical items
惊疑,0,5,disyllabic lexical items
惊讶,1,3,disyllabic lexical items
惊讶败不知指的什么,0,1,polysyllabic lexical items
惊骇,0,1,disyllabic lexical items
惦记,0,1,disyllabic lexical items
想,6,2,monosyllabic lexical items
想人,0,1,disyllabic lexical items
想像自言,0,1,polysyllabic lexical items
想劫牢反狱人少,0,1,polysyllabic lexical items
想及,0,1,disyllabic lexical items
想国王,1,0,polysyllabic lexical items
想如何处理此事,0,1,polysyllabic lexical items
想子,0,1,disyllabic lexical items
想得出神,0,1,polysyllabic lexical items
想念他,0,1,polysyllabic lexical items
想念你老人家,0,1,polysyllabic lexical items
想断思绝，目定神昏,0,1,polysyllabic lexical items
想法子,0,1,polysyllabic lexical items
想法联络联络,0,1,polysyllabic lexical items
想着,0,3,disyllabic lexical items
想着快活,1,0,polysyllabic lexical items
想着昨夜之梦,0,1,polysyllabic lexical items
想着瞌睡虫儿,1,0,polysyllabic lexical items
想计,0,1,disyllabic lexical items
想这两颗夜明珠,1,0,polysyllabic lexical items
惶惑,0,1,disyllabic lexical items
愁,1,0,monosyllabic lexical items
愁悶,0,1,disyllabic lexical items
愁烦,0,3,disyllabic lexical items
愁眉苦脸,0,1,polysyllabic lexical items
愁闷,0,2,disyllabic lexical items
愚弄自己,0,1,polysyllabic lexical items
感伤,0,1,disyllabic lexical items
感怆,0,2,disyllabic lexical items
感梦,0,1,disyllabic lexical items
感激,0,2,disyllabic lexical items
愤怒,0,2,disyllabic lexical items
愤懑,0,1,disyllabic lexical items
慌不择路,0,1,polysyllabic lexical items
慌乱,0,4,disyllabic lexical items
慌张,0,9,disyllabic lexical items
慌张无计可施,0,1,polysyllabic lexical items
慌忙,0,2,disyllabic lexical items
慌急,0,1,disyllabic lexical items
慌速,0,1,disyllabic lexical items
慢行贪着,0,1,polysyllabic lexical items
慨叹,0,1,disyllabic lexical items
懈弛,0,1,disyllabic lexical items
懊恼,0,1,disyllabic lexical items
懊悔嘲笑,0,1,polysyllabic lexical items
戏耍筋斗、虎跳,1,0,polysyllabic lexical items
戏耍高源、苏永禄这二人,0,1,polysyllabic lexical items
战守,0,1,disyllabic lexical items
扇茶,0,1,disyllabic lexical items
扎营,0,1,disyllabic lexical items
扑救,0,1,disyllabic lexical items
打二梆,0,1,polysyllabic lexical items
打仗,0,1,disyllabic lexical items
打关,0,2,disyllabic lexical items
打叠衣箱,0,3,polysyllabic lexical items
打听宝船转来,0,1,polysyllabic lexical items
打呼,1,0,disyllabic lexical items
打围捕网,1,0,polysyllabic lexical items
打坐,1,1,disyllabic lexical items
打射,0,1,disyllabic lexical items
打得落花流水,0,1,polysyllabic lexical items
打斗,0,1,disyllabic lexical items
打架,0,2,disyllabic lexical items
打点主意,0,1,polysyllabic lexical items
打盹,1,1,disyllabic lexical items
打睡,0,1,disyllabic lexical items
打算,0,4,disyllabic lexical items
打算如何再去找那长房,0,1,polysyllabic lexical items
打算抵敌之策,0,1,polysyllabic lexical items
打算计策,0,1,polysyllabic lexical items
打起稿子,0,1,polysyllabic lexical items
打量,0,2,disyllabic lexical items
打量着他,0,1,polysyllabic lexical items
打铁,0,1,disyllabic lexical items
打麻,0,1,disyllabic lexical items
托起,0,1,disyllabic lexical items
扬扬得意,0,2,polysyllabic lexical items
扭结固结,0,1,polysyllabic lexical items
扯呼,2,0,disyllabic lexical items
扯曳,0,1,disyllabic lexical items
扯长了耳朵听他说下去,0,1,polysyllabic lexical items
扰攘,0,1,disyllabic lexical items
找她,0,1,disyllabic lexical items
找寻,0,1,disyllabic lexical items
找您去,0,1,polysyllabic lexical items
找胜官保,0,1,polysyllabic lexical items
把些乱草揩着,0,1,polysyllabic lexical items
投揭,1,0,disyllabic lexical items
抚谕可汗,0,1,polysyllabic lexical items
披衣,1,0,disyllabic lexical items
披衣坐起,0,1,polysyllabic lexical items
抬头看三匹坐马甚威风,0,1,polysyllabic lexical items
抱啼呀呀,1,0,polysyllabic lexical items
抱屈无伸,0,1,polysyllabic lexical items
抱怨,0,1,disyllabic lexical items
抱怨邓九公啰嗦多事,0,1,polysyllabic lexical items
抱怨邓九公罗嗦多事,0,1,polysyllabic lexical items
抵敌不住,0,1,polysyllabic lexical items
抽打,0,1,disyllabic lexical items
拆阅,0,1,disyllabic lexical items
拔开伽楠匣,0,1,polysyllabic lexical items
拔队出宫,0,1,polysyllabic lexical items
拘执喧闹,0,1,polysyllabic lexical items
拚力恶斗,0,1,polysyllabic lexical items
招募豪杰,0,1,polysyllabic lexical items
招呼众喽兵归降,0,1,polysyllabic lexical items
招手,1,0,disyllabic lexical items
招架不住,0,2,polysyllabic lexical items
招架厮杀,0,1,polysyllabic lexical items
招集败残军士逃命,0,1,polysyllabic lexical items
拜着,0,2,disyllabic lexical items
拦住官兵不叫进山,0,1,polysyllabic lexical items
拭泪,0,1,disyllabic lexical items
拼命与那五个人大战,0,1,polysyllabic lexical items
拼死前进,0,1,polysyllabic lexical items
拿他的子孙,1,0,polysyllabic lexical items
挂心,0,1,disyllabic lexical items
指手划脚,0,1,polysyllabic lexical items
指拨宫人炮制牡丹,0,1,polysyllabic lexical items
指指点点,0,1,polysyllabic lexical items
指挥下人收拾一切畜类遗骸,0,1,polysyllabic lexical items
指挥她们弄茶弄水，煮饭做菜,0,1,polysyllabic lexical items
指挥狐群狗党,0,1,polysyllabic lexical items
指挥诸将,0,1,polysyllabic lexical items
指着铺设,0,1,polysyllabic lexical items
按求古迹,1,0,polysyllabic lexical items
挑穵,0,2,disyllabic lexical items
挣命,1,1,disyllabic lexical items
挣扎不脱,0,1,polysyllabic lexical items
挥手示意,1,0,polysyllabic lexical items
挥拳,0,2,disyllabic lexical items
挥毫,1,0,disyllabic lexical items
挽缰,0,1,disyllabic lexical items
捉他儿子,1,0,polysyllabic lexical items
捉你不着,0,1,polysyllabic lexical items
捏神捣鬼,0,1,polysyllabic lexical items
捣,1,0,monosyllabic lexical items
捱,1,0,monosyllabic lexical items
掉换,0,1,disyllabic lexical items
掏出小手巾儿来擦着,0,1,polysyllabic lexical items
掐数,0,1,disyllabic lexical items
排兵布阵,0,1,polysyllabic lexical items
掠取遗车弃仗,0,1,polysyllabic lexical items
掠阵,0,1,disyllabic lexical items
探抹桌案,0,1,polysyllabic lexical items
探望,0,3,disyllabic lexical items
探视,1,0,disyllabic lexical items
探访,2,0,disyllabic lexical items
接近这个人,1,0,polysyllabic lexical items
推想其意,0,1,polysyllabic lexical items
推辞,0,1,disyllabic lexical items
掩着,1,0,disyllabic lexical items
措置,0,1,disyllabic lexical items
提倡清流,0,1,polysyllabic lexical items
提议这事,0,1,polysyllabic lexical items
搔头摸耳,0,1,polysyllabic lexical items
搜庙放人,0,1,polysyllabic lexical items
搜缉,0,1,disyllabic lexical items
搬运柴草,0,1,polysyllabic lexical items
搳拳吃酒,1,0,polysyllabic lexical items
摆布,0,2,disyllabic lexical items
摆着双台,0,1,polysyllabic lexical items
摆酒,0,1,disyllabic lexical items
摇头,1,0,disyllabic lexical items
摸不着头,0,1,polysyllabic lexical items
摸出小手巾儿来擦着,0,1,polysyllabic lexical items
撒泼,0,1,disyllabic lexical items
擂鼓,0,1,disyllabic lexical items
操持,2,0,disyllabic lexical items
操练,0,2,disyllabic lexical items
擒拿,0,1,disyllabic lexical items
支持,0,3,disyllabic lexical items
支持不住,0,1,polysyllabic lexical items
支饰,0,1,disyllabic lexical items
收尸埋葬,0,1,polysyllabic lexical items
收拾,0,1,disyllabic lexical items
收拾起身,0,1,polysyllabic lexical items
收盆,0,1,disyllabic lexical items
攻书,0,1,disyllabic lexical items
攻他,0,1,disyllabic lexical items
攻城,0,1,disyllabic lexical items
攻打,1,2,disyllabic lexical items
攻打城池,0,1,polysyllabic lexical items
攻打宁远,0,1,polysyllabic lexical items
放人,0,1,disyllabic lexical items
放心,0,1,disyllabic lexical items
放船,1,0,disyllabic lexical items
教,1,0,monosyllabic lexical items
教学生的书,0,1,polysyllabic lexical items
散落,1,0,disyllabic lexical items
敬承天命以从事,0,1,polysyllabic lexical items
数钱,0,1,disyllabic lexical items
整点兵马,0,1,polysyllabic lexical items
整酒做戏还愿,0,1,polysyllabic lexical items
整顿学务,0,1,polysyllabic lexical items
整饬文风,1,1,polysyllabic lexical items
料理,1,1,disyllabic lexical items
料理军务,0,2,polysyllabic lexical items
料理宣泄,0,1,polysyllabic lexical items
料理船只,0,1,polysyllabic lexical items
料理遣发,0,1,polysyllabic lexical items
斟,1,0,monosyllabic lexical items
斥虑,1,0,disyllabic lexical items
施威,0,1,disyllabic lexical items
施设,0,1,disyllabic lexical items
旋斡,1,0,disyllabic lexical items
无事闲谈,0,2,polysyllabic lexical items
无从着力,0,1,polysyllabic lexical items
无可奈何,0,4,polysyllabic lexical items
无可奈听,0,1,polysyllabic lexical items
无可如何,0,2,polysyllabic lexical items
无处藏躲,0,1,polysyllabic lexical items
无奈,0,1,disyllabic lexical items
无所用意,0,1,polysyllabic lexical items
无法可想,0,1,polysyllabic lexical items
无聊,0,1,disyllabic lexical items
无计,0,3,disyllabic lexical items
无计可使,0,1,polysyllabic lexical items
无计可施,0,3,polysyllabic lexical items
无门可退,0,1,polysyllabic lexical items
昏睡,0,1,disyllabic lexical items
暗庇夫人,1,0,polysyllabic lexical items
暗恨,0,1,disyllabic lexical items
暗惊,0,1,disyllabic lexical items
暗想,0,7,disyllabic lexical items
暗欢喜,0,1,polysyllabic lexical items
暗祝,0,1,disyllabic lexical items
暗说,0,1,disyllabic lexical items
暴跳如雷,0,1,polysyllabic lexical items
有事,0,1,disyllabic lexical items
有奉托老亲翁的事,0,1,polysyllabic lexical items
服丧,1,0,disyllabic lexical items
服役,1,0,disyllabic lexical items
服母丧,0,1,polysyllabic lexical items
望,0,2,monosyllabic lexical items
望妻如渴,0,1,polysyllabic lexical items
朝着太阳来晃也晃,0,1,polysyllabic lexical items
未分胜负,0,1,polysyllabic lexical items
未完,0,1,disyllabic lexical items
未定,1,0,disyllabic lexical items
未废,1,0,disyllabic lexical items
未睡,2,0,disyllabic lexical items
杀人,0,1,disyllabic lexical items
杀害石铸,0,1,polysyllabic lexical items
杀得难解难分,0,3,polysyllabic lexical items
杀得高兴,0,1,polysyllabic lexical items
杀番兵,0,1,polysyllabic lexical items
杀的高兴,0,1,polysyllabic lexical items
杀贼,0,1,disyllabic lexical items
束手无策,0,2,polysyllabic lexical items
束装,0,1,disyllabic lexical items
来,0,1,monosyllabic lexical items
来念叨,0,1,polysyllabic lexical items
构思,0,1,disyllabic lexical items
枯渴,0,1,disyllabic lexical items
查察她要怎么摆布,0,1,polysyllabic lexical items
查问他,0,1,polysyllabic lexical items
查问儿子病状,0,1,polysyllabic lexical items
查问其故,0,1,polysyllabic lexical items
查问刘差官,0,1,polysyllabic lexical items
核议,0,1,disyllabic lexical items
根究,1,0,disyllabic lexical items
根究奸党,0,1,polysyllabic lexical items
根问,0,1,disyllabic lexical items
梦寐,0,1,disyllabic lexical items
梦想,1,0,disyllabic lexical items
梳头,2,1,disyllabic lexical items
梳妆,0,1,disyllabic lexical items
梳洗,1,10,disyllabic lexical items
横行,0,1,disyllabic lexical items
欢呼畅饮,0,1,polysyllabic lexical items
欢喜,0,10,disyllabic lexical items
欢天喜地,0,1,polysyllabic lexical items
欢饮,0,3,disyllabic lexical items
欣喜,0,1,disyllabic lexical items
欬笑,1,0,disyllabic lexical items
欺人,1,0,disyllabic lexical items
款待鹪寄生、徐鸣皋二人,0,1,polysyllabic lexical items
歇吁带喘,0,1,polysyllabic lexical items
歇息,0,2,disyllabic lexical items
歌舞,0,1,disyllabic lexical items
歡喜,0,1,disyllabic lexical items
死战,0,2,disyllabic lexical items
比试,0,1,disyllabic lexical items
气厥,0,1,disyllabic lexical items
气吹董太清,0,1,polysyllabic lexical items
气喘,0,1,disyllabic lexical items
气得发昏,0,1,polysyllabic lexical items
气恼,0,1,disyllabic lexical items
气闷,0,1,disyllabic lexical items
求,1,0,monosyllabic lexical items
沉吟,4,17,disyllabic lexical items
沉呤,0,1,disyllabic lexical items
沉沦,1,0,disyllabic lexical items
沉病,0,1,disyllabic lexical items
沉睡,2,0,disyllabic lexical items
没得主意,0,1,polysyllabic lexical items
没意思,0,1,polysyllabic lexical items
没法,0,8,disyllabic lexical items
洋洋得意,0,2,polysyllabic lexical items
洋洋自得,0,1,polysyllabic lexical items
洒扫,0,1,disyllabic lexical items
洗拭头上的血渍,0,1,polysyllabic lexical items
洗面,0,2,disyllabic lexical items
流,0,1,monosyllabic lexical items
流泪,1,1,disyllabic lexical items
流连赏玩,0,1,polysyllabic lexical items
浩叹,0,1,disyllabic lexical items
消弱,0,1,disyllabic lexical items
涤场,0,1,disyllabic lexical items
深悔,0,1,disyllabic lexical items
混战,0,1,disyllabic lexical items
混杀,0,1,disyllabic lexical items
添设床铺,0,1,polysyllabic lexical items
渴,0,1,monosyllabic lexical items
渴想,0,1,disyllabic lexical items
游乐,0,1,disyllabic lexical items
游玩,0,1,disyllabic lexical items
游疑,1,0,disyllabic lexical items
游移,0,1,disyllabic lexical items
游移两可,1,0,polysyllabic lexical items
满腹踌躇,0,1,polysyllabic lexical items
演习,1,0,disyllabic lexical items
演说此鱼之美及厨司烹调之得法,0,1,polysyllabic lexical items
演那《翠屏山》,0,1,polysyllabic lexical items
演阵,0,1,disyllabic lexical items
激励三军,0,1,polysyllabic lexical items
点兵,0,1,disyllabic lexical items
炼道,0,2,disyllabic lexical items
烦得了不得,0,1,polysyllabic lexical items
烦思,0,1,disyllabic lexical items
烦恼,0,17,disyllabic lexical items
烦烦,0,1,disyllabic lexical items
烦虑,0,1,disyllabic lexical items
烦闷,0,8,disyllabic lexical items
烧火,1,0,disyllabic lexical items
焚化纸钱,0,1,polysyllabic lexical items
焦思,0,3,disyllabic lexical items
焦燥,0,1,disyllabic lexical items
焦躁,0,2,disyllabic lexical items
煎什么药,0,1,polysyllabic lexical items
照着自己一弹打来,0,1,polysyllabic lexical items
照顾我,1,0,polysyllabic lexical items
煮,1,0,monosyllabic lexical items
熟睡,0,3,disyllabic lexical items
犒劳三军,0,1,polysyllabic lexical items
犯想,0,3,disyllabic lexical items
犹疑,1,6,disyllabic lexical items
犹豫,5,13,disyllabic lexical items
犹豫不定,0,1,polysyllabic lexical items
狐疑,0,3,disyllabic lexical items
狩,1,0,monosyllabic lexical items
独坐,0,1,disyllabic lexical items
猎畋,1,0,disyllabic lexical items
猜度,0,2,disyllabic lexical items
猜想,0,4,disyllabic lexical items
猜疑,0,10,disyllabic lexical items
献宝,1,0,disyllabic lexical items
玩得高兴,0,1,polysyllabic lexical items
玩耍,0,1,disyllabic lexical items
生气,0,1,disyllabic lexical items
生火,0,1,disyllabic lexical items
用人,0,1,disyllabic lexical items
用兵,0,2,disyllabic lexical items
用力,0,1,disyllabic lexical items
用力推掮,0,1,polysyllabic lexical items
用功,0,6,disyllabic lexical items
用功读书,0,1,polysyllabic lexical items
用夜膳,0,1,polysyllabic lexical items
用尽平生之力，与窦尔墩夺刀,0,1,polysyllabic lexical items
用言安慰,0,1,polysyllabic lexical items
用饭,1,0,disyllabic lexical items
画那弧度,1,0,polysyllabic lexical items
畅饮,0,1,disyllabic lexical items
疏孙家渡以杀河势,0,1,polysyllabic lexical items
疑庄疑释、虚诞无实之淫辞,0,1,polysyllabic lexical items
疑心,0,5,disyllabic lexical items
疑思,0,1,disyllabic lexical items
疑惑,1,22,disyllabic lexical items
疑惑不决,0,1,polysyllabic lexical items
疑惑不定,0,1,polysyllabic lexical items
疑惑此事,0,1,polysyllabic lexical items
疑惑细思奇异,0,1,polysyllabic lexical items
疑想,0,3,disyllabic lexical items
疑猜,0,1,disyllabic lexical items
疑疑惑惑,0,3,polysyllabic lexical items
疑虑,3,10,disyllabic lexical items
疑虑心忧,0,1,polysyllabic lexical items
疑讶,2,0,disyllabic lexical items
疑诧,0,1,disyllabic lexical items
疑难,0,1,disyllabic lexical items
疑骇,1,0,disyllabic lexical items
疼儿子,0,1,polysyllabic lexical items
疼痛,0,1,disyllabic lexical items
病急乱投医,0,1,polysyllabic lexical items
痛哭,0,1,disyllabic lexical items
痛骂,0,1,disyllabic lexical items
痴想,1,1,disyllabic lexical items
监看工匠,0,1,polysyllabic lexical items
监禁,1,0,disyllabic lexical items
盘算,1,1,disyllabic lexical items
盘算那三千头,0,1,polysyllabic lexical items
盘膝打坐,0,1,polysyllabic lexical items
盘问酒菜的来由,0,1,polysyllabic lexical items
盘问马灵,0,1,polysyllabic lexical items
盛溢,0,1,disyllabic lexical items
目不转睛去望,0,1,polysyllabic lexical items
相候,2,0,disyllabic lexical items
相叙,0,1,disyllabic lexical items
相度地势,0,1,polysyllabic lexical items
相待,0,1,disyllabic lexical items
相持,0,1,disyllabic lexical items
相望尉迟恭,0,1,polysyllabic lexical items
相答,1,0,disyllabic lexical items
相见,0,1,disyllabic lexical items
相议,0,1,disyllabic lexical items
盼他回家相会,0,2,polysyllabic lexical items
盼到,0,2,disyllabic lexical items
盼想,0,1,disyllabic lexical items
盼想你,0,1,polysyllabic lexical items
盼想圣僧,0,1,polysyllabic lexical items
盼想无形太岁马金川、九朵梅花孙伯虎杀官盗印,0,1,polysyllabic lexical items
盼望,1,19,disyllabic lexical items
盼望你老人家,0,1,polysyllabic lexical items
盼望回音,0,1,polysyllabic lexical items
盼望著海瑞成名的捷报,0,1,polysyllabic lexical items
看,0,1,monosyllabic lexical items
看《庄子》和《史记》,0,1,polysyllabic lexical items
看书,0,2,disyllabic lexical items
看呆,0,1,disyllabic lexical items
看守陆氏,0,1,polysyllabic lexical items
看得不厌不倦,0,1,polysyllabic lexical items
看得不耐煩,0,1,polysyllabic lexical items
看得有些头晕,0,1,polysyllabic lexical items
看得有趣,0,1,polysyllabic lexical items
看戏,0,1,disyllabic lexical items
看着,0,8,disyllabic lexical items
看表,0,1,disyllabic lexical items
看视,0,1,disyllabic lexical items
看诗,0,1,disyllabic lexical items
看这个宝贝,0,1,polysyllabic lexical items
看这河里,0,1,polysyllabic lexical items
看那花榜,0,1,polysyllabic lexical items
看阵图,0,1,polysyllabic lexical items
眺望,0,3,disyllabic lexical items
眼花撩乱,0,1,polysyllabic lexical items
着忙,0,5,disyllabic lexical items
着急,0,55,disyllabic lexical items
着急叫喊,0,1,polysyllabic lexical items
着急听候内信,0,1,polysyllabic lexical items
着恼,0,2,disyllabic lexical items
着慌,0,3,disyllabic lexical items
睡去,0,1,disyllabic lexical items
睡熟,0,2,disyllabic lexical items
睡觉,1,0,disyllabic lexical items
睡醒翻身,0,1,polysyllabic lexical items
督工,0,1,disyllabic lexical items
瞑目待死,0,1,polysyllabic lexical items
瞧着纳闷,0,1,polysyllabic lexical items
砸锁,0,1,disyllabic lexical items
确估工料兴修,0,1,polysyllabic lexical items
确察得实,0,1,polysyllabic lexical items
确酌,1,0,disyllabic lexical items
磕头,0,1,disyllabic lexical items
磨墨濡毫,0,1,polysyllabic lexical items
磨面,1,0,disyllabic lexical items
神魂飘荡,0,1,polysyllabic lexical items
祷告,0,1,disyllabic lexical items
祷祀,1,0,disyllabic lexical items
禁架不定,0,1,polysyllabic lexical items
秉烛,1,0,disyllabic lexical items
秉烛观书,1,0,polysyllabic lexical items
秉烛饮酒,0,1,polysyllabic lexical items
究擬,0,1,disyllabic lexical items
窃听,0,2,disyllabic lexical items
窃窃私议,0,1,polysyllabic lexical items
窘迫,0,1,disyllabic lexical items
笑,1,1,monosyllabic lexical items
笑得有趣,0,1,polysyllabic lexical items
笑得热闹,0,1,polysyllabic lexical items
笑着,0,1,disyllabic lexical items
等你,0,1,disyllabic lexical items
等候,4,1,disyllabic lexical items
等候煮熟李玄,0,1,polysyllabic lexical items
等待,1,0,disyllabic lexical items
等死,0,1,disyllabic lexical items
等着,2,1,disyllabic lexical items
策划,0,1,disyllabic lexical items
筹划无路,0,1,polysyllabic lexical items
筹度,1,1,disyllabic lexical items
筹思,0,1,disyllabic lexical items
筹议如可收拾采和夫妻的计策,0,1,polysyllabic lexical items
筹量,0,1,disyllabic lexical items
算计他的指法、调头,1,0,polysyllabic lexical items
算计商客,1,0,polysyllabic lexical items
算计射别人,1,0,polysyllabic lexical items
算计黄凤仙,1,0,polysyllabic lexical items
系恋着他,1,0,polysyllabic lexical items
系裙,0,1,disyllabic lexical items
索人愁,1,0,polysyllabic lexical items
絮叨,2,0,disyllabic lexical items
纳闷,0,31,disyllabic lexical items
纺织,1,0,disyllabic lexical items
练习拳脚,0,1,polysyllabic lexical items
细看,0,3,disyllabic lexical items
细细打量,0,1,polysyllabic lexical items
细绎母训,0,1,polysyllabic lexical items
经过,1,0,disyllabic lexical items
结草,1,0,disyllabic lexical items
给质克做手势陪不是,0,1,polysyllabic lexical items
绞痛,1,0,disyllabic lexical items
统兵行事,0,1,polysyllabic lexical items
绣一条裙,0,1,polysyllabic lexical items
绩麻,1,0,disyllabic lexical items
缉拿,0,1,disyllabic lexical items
缉访,1,0,disyllabic lexical items
缉访妖人,0,1,polysyllabic lexical items
缝,1,0,monosyllabic lexical items
缺乏,0,1,disyllabic lexical items
缺货,0,1,disyllabic lexical items
缺饷,0,1,disyllabic lexical items
羡慕江南好地方,1,0,polysyllabic lexical items
翻阅,1,0,disyllabic lexical items
耀武扬威,0,2,polysyllabic lexical items
耀武扬威说道,0,1,polysyllabic lexical items
耀着,0,1,disyllabic lexical items
老等,0,1,disyllabic lexical items
耍着,0,1,disyllabic lexical items
耕,1,0,monosyllabic lexical items
耕田,0,1,disyllabic lexical items
耦耕,1,0,disyllabic lexical items
耳提面命,1,0,polysyllabic lexical items
聚话,0,1,disyllabic lexical items
聚集众将商议,0,1,polysyllabic lexical items
肚饥,0,1,disyllabic lexical items
胆小,1,0,disyllabic lexical items
胡思,0,4,disyllabic lexical items
胡思乱想,0,15,polysyllabic lexical items
胡猜乱想,0,1,polysyllabic lexical items
脱衣乘凉见姓石的由西小院出来,0,1,polysyllabic lexical items
脱身不得,0,1,polysyllabic lexical items
自叹,0,2,disyllabic lexical items
自思,0,1,disyllabic lexical items
自怨时衰,0,1,polysyllabic lexical items
自怨自艾,0,2,polysyllabic lexical items
自斟自饮,0,1,polysyllabic lexical items
自解自叹,0,1,polysyllabic lexical items
自言白语埋怨,0,1,polysyllabic lexical items
自言自语,0,2,polysyllabic lexical items
舍钱,0,1,disyllabic lexical items
舒头探望,0,1,polysyllabic lexical items
舞,1,0,monosyllabic lexical items
舞蹈,0,1,disyllabic lexical items
艳羡,0,2,disyllabic lexical items
苦劝,0,1,disyllabic lexical items
苦念李夫人,0,1,polysyllabic lexical items
苦求,0,1,disyllabic lexical items
落后,1,0,disyllabic lexical items
蒙尘,1,0,disyllabic lexical items
藏躱,1,0,disyllabic lexical items
虔修,1,0,disyllabic lexical items
蠢蠢欲动,1,0,polysyllabic lexical items
行凶,0,2,disyllabic lexical items
行役,1,0,disyllabic lexical items
行礼,0,1,disyllabic lexical items
行走,0,3,disyllabic lexical items
衔恨,0,1,disyllabic lexical items
要与那马成龙拚命,0,1,polysyllabic lexical items
要寻公馆搬上岸雇夫上省,0,1,polysyllabic lexical items
要换,0,1,disyllabic lexical items
要杀,0,1,disyllabic lexical items
要看状,0,1,polysyllabic lexical items
要银子,0,1,polysyllabic lexical items
见着,0,1,disyllabic lexical items
观察,1,0,disyllabic lexical items
观望,1,4,disyllabic lexical items
观玩,0,3,disyllabic lexical items
观看,0,22,disyllabic lexical items
观看山景,0,1,polysyllabic lexical items
观看景致,0,1,polysyllabic lexical items
观看殿廓,0,1,polysyllabic lexical items
观览,0,1,disyllabic lexical items
观阵,0,1,disyllabic lexical items
视事,0,1,disyllabic lexical items
觉得去住两难,0,1,polysyllabic lexical items
解劝,0,1,disyllabic lexical items
言,1,0,monosyllabic lexical items
言语,0,1,disyllabic lexical items
言说,0,1,disyllabic lexical items
言谈,0,6,disyllabic lexical items
言谈嗟叹,0,1,polysyllabic lexical items
計議圍蘭取鞏,0,1,polysyllabic lexical items
講究清訟,0,1,polysyllabic lexical items
議復,0,1,disyllabic lexical items
计划,2,0,disyllabic lexical items
计无所出,0,1,polysyllabic lexical items
计算为难,0,1,polysyllabic lexical items
计算你我,0,1,polysyllabic lexical items
计议,0,4,disyllabic lexical items
计议和议的方针,0,1,polysyllabic lexical items
讨战,0,1,disyllabic lexical items
让坐,0,2,disyllabic lexical items
让坐问话,0,1,polysyllabic lexical items
议争,0,1,disyllabic lexical items
议事,0,5,disyllabic lexical items
议论,1,25,disyllabic lexical items
议论上巡抚彭大人那里送信调集官兵,0,1,polysyllabic lexical items
议论仙姑所说的消息,0,1,polysyllabic lexical items
议论余鸿法术拿人,0,1,polysyllabic lexical items
议论军机大事,0,1,polysyllabic lexical items
议论如何拿贼,0,1,polysyllabic lexical items
议论纷纷,0,2,polysyllabic lexical items
议论道姑遇到公子,0,1,polysyllabic lexical items
议论降守之策,0,1,polysyllabic lexical items
讲交情,0,1,polysyllabic lexical items
讲得热闹,0,1,polysyllabic lexical items
讲得高兴,0,2,polysyllabic lexical items
讲的热闹,0,1,polysyllabic lexical items
讲究,0,1,disyllabic lexical items
讲经,0,1,disyllabic lexical items
讲解,0,1,disyllabic lexical items
讲论,0,2,disyllabic lexical items
讲话,2,10,disyllabic lexical items
讲这南船入岛的事故,0,1,polysyllabic lexical items
论古,0,1,disyllabic lexical items
设朝,0,2,disyllabic lexical items
设法借贷,0,1,polysyllabic lexical items
设计,0,1,disyllabic lexical items
访拿打听,0,1,polysyllabic lexical items
访道,2,0,disyllabic lexical items
评论得高兴,0,1,polysyllabic lexical items
试花,0,1,disyllabic lexical items
话旧谈心,0,1,polysyllabic lexical items
询问,0,1,disyllabic lexical items
诧异,1,10,disyllabic lexical items
诧愕,0,1,disyllabic lexical items
误桃花,1,0,polysyllabic lexical items
说,0,1,monosyllabic lexical items
说个破敌之策是怎么样儿,1,0,polysyllabic lexical items
说些邪活,1,0,polysyllabic lexical items
说俏皮话儿,0,1,polysyllabic lexical items
说得情投意合,0,1,polysyllabic lexical items
说得痛快,0,1,polysyllabic lexical items
说得高兴,0,3,polysyllabic lexical items
说我,1,0,disyllabic lexical items
说我的来意,0,1,polysyllabic lexical items
说打仗的事情,1,0,polysyllabic lexical items
说法,1,0,disyllabic lexical items
说父王肯不肯,1,0,polysyllabic lexical items
说着,0,17,disyllabic lexical items
说着话,0,2,polysyllabic lexical items
说笑,0,6,disyllabic lexical items
说笑话,0,1,polysyllabic lexical items
说话,1,28,disyllabic lexical items
说起张士贵攻打关头,0,1,polysyllabic lexical items
说这种人是贼骨头,0,1,polysyllabic lexical items
说这话,0,1,polysyllabic lexical items
说那个三太子有几枝火箭利害,1,0,polysyllabic lexical items
请不着先生,0,2,polysyllabic lexical items
请客,1,0,disyllabic lexical items
读书,2,1,disyllabic lexical items
读什么书,1,0,polysyllabic lexical items
读左传,0,1,polysyllabic lexical items
调侃他,1,0,polysyllabic lexical items
调兵,0,1,disyllabic lexical items
调情,0,1,disyllabic lexical items
调拨人马,0,1,polysyllabic lexical items
调理,2,1,disyllabic lexical items
调笑,0,1,disyllabic lexical items
调遣人马,0,1,polysyllabic lexical items
谈,0,1,monosyllabic lexical items
谈得热闹,0,1,polysyllabic lexical items
谈得高兴,0,1,polysyllabic lexical items
谈心,0,1,disyllabic lexical items
谈心叙话,0,1,polysyllabic lexical items
谈的高兴,0,1,polysyllabic lexical items
谈着话,0,3,polysyllabic lexical items
谈笑,0,2,disyllabic lexical items
谈论,0,22,disyllabic lexical items
谈论秦始皇帝如何致死的问题,0,1,polysyllabic lexical items
谈论药酒之事,0,1,polysyllabic lexical items
谈话,0,1,disyllabic lexical items
谈说,0,1,disyllabic lexical items
谈谈笑笑,0,1,polysyllabic lexical items
谑谈,0,1,disyllabic lexical items
谓千骑曰,0,1,polysyllabic lexical items
谦让,1,0,disyllabic lexical items
负屈,0,1,disyllabic lexical items
责备徐寿,0,1,polysyllabic lexical items
责骂,1,0,disyllabic lexical items
贪看十三妹在墙上题的那折词儿,0,1,polysyllabic lexical items
贪看景致,0,1,polysyllabic lexical items
赏欢,0,1,disyllabic lexical items
赐祭,1,0,disyllabic lexical items
赞叹,0,2,disyllabic lexical items
赞羡,2,0,disyllabic lexical items
走,0,2,monosyllabic lexical items
走得头昏,0,1,polysyllabic lexical items
走投无路,0,1,polysyllabic lexical items
走着,0,2,disyllabic lexical items
走过无数的号舍,0,2,polysyllabic lexical items
赶你,1,0,disyllabic lexical items
赶打,0,1,disyllabic lexical items
赶打喽卒,0,1,polysyllabic lexical items
赶着走,1,0,polysyllabic lexical items
赶逐野兽,0,1,polysyllabic lexical items
起行,0,4,disyllabic lexical items
起风作浪,0,1,polysyllabic lexical items
趑趄,1,0,disyllabic lexical items
足蠕,1,0,disyllabic lexical items
跑,1,1,monosyllabic lexical items
跑去,0,1,disyllabic lexical items
跑着,0,1,disyllabic lexical items
跳了水,0,1,polysyllabic lexical items
跳舞不休,1,0,polysyllabic lexical items
踌思,0,1,disyllabic lexical items
踌蹰,0,2,disyllabic lexical items
踌躇,3,53,disyllabic lexical items
踌躇不下,0,1,polysyllabic lexical items
踌躇不决,0,1,polysyllabic lexical items
踌躇不定,0,1,polysyllabic lexical items
踌躇无处安歇,0,1,polysyllabic lexical items
踌躇脱身之计,0,1,polysyllabic lexical items
踌躇设法,0,1,polysyllabic lexical items
踌躇费想,0,1,polysyllabic lexical items
蹦踏,0,1,disyllabic lexical items
躲来躲去,0,1,polysyllabic lexical items
转回来,0,1,polysyllabic lexical items
转念,0,1,disyllabic lexical items
轮转,0,2,disyllabic lexical items
辟邪,1,0,disyllabic lexical items
辨贼,0,1,disyllabic lexical items
辩论,0,1,disyllabic lexical items
辱骂,1,0,disyllabic lexical items
辱骂讨战,0,1,polysyllabic lexical items
过桥,0,1,disyllabic lexical items
迎面直打,1,0,polysyllabic lexical items
运功夫,0,1,polysyllabic lexical items
进城讨限,0,1,polysyllabic lexical items
进膳,1,0,disyllabic lexical items
进行我的任务,0,1,polysyllabic lexical items
进退两难,0,3,polysyllabic lexical items
进退无路,0,1,polysyllabic lexical items
迟疑,2,14,disyllabic lexical items
迟疑不决,0,1,polysyllabic lexical items
追去,0,1,disyllabic lexical items
追忆寻索,0,1,polysyllabic lexical items
追思,0,1,disyllabic lexical items
追思前事,0,1,polysyllabic lexical items
追捕你,0,1,polysyllabic lexical items
追擒那盗取首级的奸细,0,1,polysyllabic lexical items
追杀各打手,0,1,polysyllabic lexical items
追杀小和尚,1,0,polysyllabic lexical items
追杀逃走的喽罗,1,0,polysyllabic lexical items
追论这班奸臣的亲族,0,1,polysyllabic lexical items
追赶,0,3,disyllabic lexical items
追问这事的结果,1,0,polysyllabic lexical items
送性命,1,0,polysyllabic lexical items
送茶,0,1,disyllabic lexical items
送饭,0,1,disyllabic lexical items
逃,69,0,monosyllabic lexical items
逃奔,0,2,disyllabic lexical items
逃避,0,1,disyllabic lexical items
逐捕,0,1,disyllabic lexical items
速行,1,0,disyllabic lexical items
逡巡,2,0,disyllabic lexical items
逡廵,3,0,disyllabic lexical items
逢场作戏,0,1,polysyllabic lexical items
遍体酥麻,0,1,polysyllabic lexical items
遍看那些挽联挽诗,0,1,polysyllabic lexical items
遮拦隔架,0,1,polysyllabic lexical items
遵奉御旨,0,1,polysyllabic lexical items
部署,2,0,disyllabic lexical items
酣战,0,8,disyllabic lexical items
酣斗,0,1,disyllabic lexical items
酣睡,2,1,disyllabic lexical items
酬酢,0,1,disyllabic lexical items
醋妒他两个,0,1,polysyllabic lexical items
鏖战,0,1,disyllabic lexical items
铺张,1,0,disyllabic lexical items
铺砌未完,0,1,polysyllabic lexical items
锐盛,0,1,disyllabic lexical items
闪、砍、劈、剁,0,1,polysyllabic lexical items
问心,0,1,disyllabic lexical items
问我嫂子,0,1,polysyllabic lexical items
问打,0,1,disyllabic lexical items
问答,0,1,disyllabic lexical items
问起根由,0,1,polysyllabic lexical items
问道士兄弟要凭据,0,1,polysyllabic lexical items
闲争闲讲,0,1,polysyllabic lexical items
闲坐,0,1,disyllabic lexical items
闲坐吃茶,1,0,polysyllabic lexical items
闲散,1,0,disyllabic lexical items
闲游过去,0,1,polysyllabic lexical items
闲立,0,1,disyllabic lexical items
闲讲,0,1,disyllabic lexical items
闲话,0,4,disyllabic lexical items
闲谈,0,13,disyllabic lexical items
闲谈论,0,1,polysyllabic lexical items
闲谈闲论,0,1,polysyllabic lexical items
闷倦,0,1,disyllabic lexical items
闷闷不乐,0,1,polysyllabic lexical items
闹吵,0,1,disyllabic lexical items
闹得烟雾尘天,0,1,polysyllabic lexical items
闹得起劲,0,1,polysyllabic lexical items
闹的筋疲力尽,0,1,polysyllabic lexical items
阅课,0,1,disyllabic lexical items
附耳议论,0,1,polysyllabic lexical items
陪伴,1,0,disyllabic lexical items
随口乱嘈,0,1,polysyllabic lexical items
难保,1,0,disyllabic lexical items
难分难解,0,1,polysyllabic lexical items
难解难分,0,2,polysyllabic lexical items
雷鸣,0,1,disyllabic lexical items
需人,0,1,disyllabic lexical items
静候,0,1,disyllabic lexical items
静候捷音,0,1,polysyllabic lexical items
静听上头的问话预备对付,0,1,polysyllabic lexical items
静领,1,0,disyllabic lexical items
靠着水寨，正要动手,0,1,polysyllabic lexical items
顶嘴,0,1,disyllabic lexical items
顺着他的小手远远望去,0,1,polysyllabic lexical items
顽的高兴,0,1,polysyllabic lexical items
预备出城,0,1,polysyllabic lexical items
预备招架,0,1,polysyllabic lexical items
预备阅卷,0,1,polysyllabic lexical items
预防张府,0,1,polysyllabic lexical items
颠沛,1,0,disyllabic lexical items
飄零,1,0,disyllabic lexical items
飞舞,1,0,disyllabic lexical items
飞行,0,1,disyllabic lexical items
食羊,0,1,disyllabic lexical items
饥,0,1,monosyllabic lexical items
饥饿,0,4,disyllabic lexical items
饬查问,0,1,polysyllabic lexical items
饮得高兴,0,1,polysyllabic lexical items
饮酒,1,6,disyllabic lexical items
饮酒作乐,0,1,polysyllabic lexical items
驰奔,0,1,disyllabic lexical items
驰注,0,1,disyllabic lexical items
驱驰,1,0,disyllabic lexical items
骂,1,0,monosyllabic lexical items
骂不绝声,0,1,polysyllabic lexical items
骂得高兴,0,1,polysyllabic lexical items
骂战,0,1,disyllabic lexical items
高兴,1,10,disyllabic lexical items
高谈,1,1,disyllabic lexical items
高谈阔论,0,2,polysyllabic lexical items
鬼弄,1,0,disyllabic lexical items
鲜血淋漓挖那五脏心肝出来,0,1,polysyllabic lexical items
鳏居,0,1,disyllabic lexical items
鸣,1,0,monosyllabic lexical items
默念自己的居室,0,1,polysyllabic lexical items
鼾睡,0,1,disyllabic lexical items
龃龉,0,1,disyllabic lexical items
