The usage of ZAI and ZHENGZAI in the periods during the Yuan Dynasty and the Ming Dynasty ,,,
Verbs,Time,ZAI,ZHENGZAI
求妻,the Yuan Dynasty,1,0
猎畋,the Yuan Dynasty,1,0
挥毫,the Yuan Dynasty,1,0
烧火,the Yuan Dynasty,1,0
空踌躇,the Yuan Dynasty,1,0
逃,the Yuan Dynasty,6,0
逡巡,the Yuan Dynasty,2,0
愁,the Yuan Dynasty,1,0
思虑,the Yuan Dynasty,1,0
飄零,the Yuan Dynasty,1,0
吟笺,the Yuan Dynasty,1,0
耦耕,the Yuan Dynasty,1,0
落后,the Ming Dynasty,1,0
捱,the Ming Dynasty,1,0
按求古迹,the Ming Dynasty,1,0
部署,the Ming Dynasty,2,0
扯呼,the Ming Dynasty,2,0
沉吟,the Ming Dynasty,2,0
吃人,the Ming Dynasty,1,0
筹度,the Ming Dynasty,1,0
出神,the Ming Dynasty,1,0
忖个计策,the Ming Dynasty,1,0
打呼,the Ming Dynasty,1,0
捣,the Ming Dynasty,1,0
等待,the Ming Dynasty,1,0
颠沛,the Ming Dynasty,1,0
吊孝,the Ming Dynasty,1,0
读书,the Ming Dynasty,2,0
对阵,the Ming Dynasty,1,0
发作起来,the Ming Dynasty,1,0
纺织,the Ming Dynasty,1,0
放船,the Ming Dynasty,1,0
奉承他,the Ming Dynasty,1,0
服丧,the Ming Dynasty,1,0
服役,the Ming Dynasty,1,0
鬼弄,the Ming Dynasty,1,0
害病,the Ming Dynasty,1,0
呼,the Ming Dynasty,1,0
将计就计,the Ming Dynasty,1,0
讲话,the Ming Dynasty,2,0
交锋,the Ming Dynasty,1,0
进膳,the Ming Dynasty,1,0
开花,the Ming Dynasty,1,0
哭,the Ming Dynasty,2,0
响雷,the Ming Dynasty,1,0
蒙尘,the Ming Dynasty,1,0
磨面,the Ming Dynasty,1,0
说法,the Ming Dynasty,1,0
说那个三太子有几枝火箭利害,the Ming Dynasty,1,0
说父王肯不肯,the Ming Dynasty,1,0
说个破敌之策是怎么样儿,the Ming Dynasty,1,0
说些邪活,the Ming Dynasty,1,0
念,the Ming Dynasty,6,0
念佛,the Ming Dynasty,1,0
念经,the Ming Dynasty,1,0
跑,the Ming Dynasty,1,0
欺人,the Ming Dynasty,1,0
劝善,the Ming Dynasty,1,0
审问,the Ming Dynasty,1,0
狩,the Ming Dynasty,1,0
梳头,the Ming Dynasty,2,0
说话,the Ming Dynasty,1,0
厮认,the Ming Dynasty,1,0
速行,the Ming Dynasty,1,0
算计射别人,the Ming Dynasty,1,0
算计黄凤仙,the Ming Dynasty,1,0
探视,the Ming Dynasty,1,0
逃,the Ming Dynasty,24,0
听审,the Ming Dynasty,3,0
偷油,the Ming Dynasty,1,0
舞,the Ming Dynasty,1,0
闲散,the Ming Dynasty,1,0
献宝,the Ming Dynasty,1,0
想国王,the Ming Dynasty,1,0
想着快活,the Ming Dynasty,1,0
想着瞌睡虫儿,the Ming Dynasty,1,0
想这两颗夜明珠,the Ming Dynasty,1,0
疑虑,the Ming Dynasty,2,0
疑讶,the Ming Dynasty,2,0
用饭,the Ming Dynasty,1,0
挣命,the Ming Dynasty,1,0
做梦,the Ming Dynasty,1,0
赞羡,the Ming Dynasty,2,0
缝,the Ming Dynasty,1,0
打坐,the Ming Dynasty,1,0
梦想,the Ming Dynasty,1,0
行役,the Ming Dynasty,1,0
鸣,the Ming Dynasty,1,0
逡廵,the Ming Dynasty,3,0
调理,the Ming Dynasty,2,0
疑骇,the Ming Dynasty,1,0
斟,the Ming Dynasty,1,0
操持,the Ming Dynasty,2,0
相答,the Ming Dynasty,1,0
料理,the Ming Dynasty,1,0
仰羨,the Ming Dynasty,1,0
想,the Ming Dynasty,3,0
斥虑,the Ming Dynasty,1,0
彷徨,the Ming Dynasty,1,0
耕,the Ming Dynasty,1,0
徘徊,the Ming Dynasty,1,0
候旨,the Ming Dynasty,2,0
抱啼呀呀,the Ming Dynasty,1,0
旋斡,the Ming Dynasty,1,0
驱驰,the Ming Dynasty,1,0
哀求,the Qing Dynasty,1,0
暗庇夫人,the Qing Dynasty,1,0
想,the Qing Dynasty,2,0
笑,the Qing Dynasty,1,0
办,the Qing Dynasty,1,0
办军务,the Qing Dynasty,1,0
秉烛观书,the Qing Dynasty,1,0
哺乳,the Qing Dynasty,1,0
诧异,the Qing Dynasty,1,0
沉沦,the Qing Dynasty,1,0
沉睡,the Qing Dynasty,2,0
沉吟,the Qing Dynasty,2,0
吃补药,the Qing Dynasty,1,0
吃饭,the Qing Dynasty,1,0
吃夜饭,the Qing Dynasty,1,0
痴想,the Qing Dynasty,1,0
迟疑,the Qing Dynasty,2,0
踌躇,the Qing Dynasty,2,0
出神捣鬼,the Qing Dynasty,1,0
蠢蠢欲动,the Qing Dynasty,1,0
赐祭,the Qing Dynasty,1,0
打盹,the Qing Dynasty,1,0
打围捕网,the Qing Dynasty,1,0
大惊小怪,the Qing Dynasty,1,0
大骂,the Qing Dynasty,1,0
大骂贼人,the Qing Dynasty,1,0
大言不惭,the Qing Dynasty,1,0
胆小,the Qing Dynasty,1,0
祷祀,the Qing Dynasty,1,0
等候,the Qing Dynasty,4,0
等着,the Qing Dynasty,2,0
调侃他,the Qing Dynasty,1,0
动手,the Qing Dynasty,1,0
动问那大姐阿毛,the Qing Dynasty,1,0
读什么书,the Qing Dynasty,1,0
耳提面命,the Qing Dynasty,1,0
翻阅,the Qing Dynasty,1,0
访道,the Qing Dynasty,2,0
飞舞,the Qing Dynasty,1,0
分居,the Qing Dynasty,1,0
赶你,the Qing Dynasty,1,0
赶着走,the Qing Dynasty,1,0
高谈,the Qing Dynasty,1,0
高兴,the Qing Dynasty,1,0
根究,the Qing Dynasty,1,0
攻打,the Qing Dynasty,1,0
咕噜,the Qing Dynasty,1,0
咕哝,the Qing Dynasty,1,0
观望,the Qing Dynasty,1,0
害怕,the Qing Dynasty,1,0
酣睡,the Qing Dynasty,2,0
喊,the Qing Dynasty,1,0
喝酒等着,the Qing Dynasty,1,0
恨他,the Qing Dynasty,1,0
哄劝,the Qing Dynasty,1,0
怀疑,the Qing Dynasty,3,0
挥手示意,the Qing Dynasty,1,0
回礼,the Qing Dynasty,1,0
会商,the Qing Dynasty,1,0
缉访,the Qing Dynasty,1,0
计划,the Qing Dynasty,2,0
绩麻,the Qing Dynasty,1,0
监禁,the Qing Dynasty,1,0
绞痛,the Qing Dynasty,1,0
叫,the Qing Dynasty,1,0
叫唤,the Qing Dynasty,1,0
接近这个人,the Qing Dynasty,1,0
惊讶,the Qing Dynasty,1,0
静领,the Qing Dynasty,1,0
开门,the Qing Dynasty,1,0
开杀戒,the Qing Dynasty,1,0
欬笑,the Qing Dynasty,1,0
流泪,the Qing Dynasty,1,0
骂,the Qing Dynasty,1,0
拿他的子孙,the Qing Dynasty,1,0
难保,the Qing Dynasty,1,0
盘算,the Qing Dynasty,1,0
盼望,the Qing Dynasty,1,0
彷徨,the Qing Dynasty,1,0
陪伴,the Qing Dynasty,1,0
披衣,the Qing Dynasty,1,0
辟邪,the Qing Dynasty,1,0
搳拳吃酒,the Qing Dynasty,1,0
谦让,the Qing Dynasty,1,0
虔修,the Qing Dynasty,1,0
请客,the Qing Dynasty,1,0
辱骂,the Qing Dynasty,1,0
散落,the Qing Dynasty,1,0
伤感,the Qing Dynasty,1,0
商量,the Qing Dynasty,1,0
审讯,the Qing Dynasty,1,0
守制,the Qing Dynasty,2,0
受礼,the Qing Dynasty,1,0
受罪,the Qing Dynasty,1,0
梳洗,the Qing Dynasty,1,0
睡觉,the Qing Dynasty,1,0
说打仗的事情,the Qing Dynasty,1,0
说我,the Qing Dynasty,1,0
送性命,the Qing Dynasty,1,0
算计商客,the Qing Dynasty,1,0
算计他的指法、调头,the Qing Dynasty,1,0
探访,the Qing Dynasty,2,0
逃,the Qing Dynasty,39,0
啼哭,the Qing Dynasty,2,0
跳舞不休,the Qing Dynasty,1,0
听讲解经书,the Qing Dynasty,1,0
偷看双人,the Qing Dynasty,1,0
投揭,the Qing Dynasty,1,0
戏耍筋斗、虎跳,the Qing Dynasty,1,0
系恋着他,the Qing Dynasty,1,0
下棋,the Qing Dynasty,1,0
闲坐吃茶,the Qing Dynasty,1,0
羡慕江南好地方,the Qing Dynasty,1,0
相候,the Qing Dynasty,2,0
想,the Qing Dynasty,1,0
嘘气,the Qing Dynasty,1,0
絮叨,the Qing Dynasty,2,0
悬悬,the Qing Dynasty,1,0
掩着,the Qing Dynasty,1,0
演习,the Qing Dynasty,1,0
摇头,the Qing Dynasty,1,0
依恋,the Qing Dynasty,1,0
疑惑,the Qing Dynasty,1,0
疑虑,the Qing Dynasty,1,0
议论,the Qing Dynasty,1,0
应考,the Qing Dynasty,1,0
迎面直打,the Qing Dynasty,1,0
犹疑,the Qing Dynasty,1,0
犹豫,the Qing Dynasty,3,0
游疑,the Qing Dynasty,1,0
御,the Qing Dynasty,8,0
责骂,the Qing Dynasty,1,0
招手,the Qing Dynasty,1,0
照顾我,the Qing Dynasty,1,0
整饬文风,the Qing Dynasty,1,0
追杀小和尚,the Qing Dynasty,1,0
追杀逃走的喽罗,the Qing Dynasty,1,0
追问这事的结果,the Qing Dynasty,1,0
捉他儿子,the Qing Dynasty,1,0
趑趄,the Qing Dynasty,1,0
作法,the Qing Dynasty,1,0
作呻吟,the Qing Dynasty,1,0
作书,the Qing Dynasty,1,0
做沽名钓誉的人,the Qing Dynasty,1,0
做官,the Qing Dynasty,1,0
做梦,the Qing Dynasty,1,0
做什么,the Qing Dynasty,1,0
怀疑他是否有造化,the Qing Dynasty,1,0
含羞,the Qing Dynasty,1,0
建造,the Qing Dynasty,1,0
游移两可,the Qing Dynasty,1,0
不甚清楚,the Qing Dynasty,1,0
未睡,the Qing Dynasty,2,0
画那弧度,the Qing Dynasty,1,0
未定,the Qing Dynasty,1,0
未废,the Qing Dynasty,1,0
结草,the Qing Dynasty,1,0
言,the Qing Dynasty,1,0
御蚊,the Qing Dynasty,1,0
足蠕,the Qing Dynasty,1,0
希冀,the Qing Dynasty,1,0
教,the Qing Dynasty,1,0
犹豫,the Qing Dynasty,2,0
确酌,the Qing Dynasty,1,0
铺张,the Qing Dynasty,1,0
饮酒,the Qing Dynasty,1,0
观察,the Qing Dynasty,1,0
索人愁,the Qing Dynasty,1,0
煮,the Qing Dynasty,1,0
误桃花,the Qing Dynasty,1,0
商確,the Qing Dynasty,2,0
经过,the Qing Dynasty,1,0
秉烛,the Qing Dynasty,1,0
变通,the Qing Dynasty,1,0
藏躱,the Qing Dynasty,1,0
仰慕,the Qing Dynasty,1,0
保守四城,the Qing Dynasty,1,0
打叠衣箱,the Yuan Dynasty,0,1
攻书,the Yuan Dynasty,0,1
观看,the Yuan Dynasty,0,1
寻思一计,the Yuan Dynasty,0,1
疑虑,the Yuan Dynasty,0,1
烦恼,the Yuan Dynasty,0,2
偎倚,the Yuan Dynasty,0,1
哀痛,the Ming Dynasty,0,2
安抚料理,the Ming Dynasty,0,1
鏖战,the Ming Dynasty,0,1
摆布,the Ming Dynasty,0,2
奔走,the Ming Dynasty,0,1
猜疑,the Ming Dynasty,0,1
参究,the Ming Dynasty,0,1
操练,the Ming Dynasty,0,1
策划,the Ming Dynasty,0,1
诧异,the Ming Dynasty,0,1
沉吟,the Ming Dynasty,0,6
吃个合卺之酒,the Ming Dynasty,0,1
吃醋,the Ming Dynasty,0,1
吃早饭,the Ming Dynasty,0,1
吃完了饭,the Ming Dynasty,0,1
迟疑,the Ming Dynasty,0,3
愁烦,the Ming Dynasty,0,2
筹度,the Ming Dynasty,0,1
踌躇,the Ming Dynasty,0,11
踌躇不下,the Ming Dynasty,0,1
踌躇不定,the Ming Dynasty,0,1
踌躇费想,the Ming Dynasty,0,1
传观,the Ming Dynasty,0,1
催兵前进,the Ming Dynasty,0,2
打叠衣箱,the Ming Dynasty,0,2
打射,the Ming Dynasty,0,1
打听宝船转来,the Ming Dynasty,0,1
打坐,the Ming Dynasty,0,1
大排素宴,the Ming Dynasty,0,1
调兵,the Ming Dynasty,0,1
调遣人马,the Ming Dynasty,0,1
烦恼,the Ming Dynasty,0,4
飞行,the Ming Dynasty,0,1
负屈,the Ming Dynasty,0,1
感怆,the Ming Dynasty,0,2
感梦,the Ming Dynasty,0,1
高兴,the Ming Dynasty,0,2
耕田,the Ming Dynasty,0,1
攻打城池,the Ming Dynasty,0,1
攻打,the Ming Dynasty,0,1
关粮,the Ming Dynasty,0,1
观看,the Ming Dynasty,0,1
观看山景,the Ming Dynasty,0,1
酣战,the Ming Dynasty,0,2
鼾睡,the Ming Dynasty,0,1
胡思乱想,the Ming Dynasty,0,2
欢喜,the Ming Dynasty,0,5
欢饮,the Ming Dynasty,0,1
慌张,the Ming Dynasty,0,2
缉访妖人,the Ming Dynasty,0,1
计议,the Ming Dynasty,0,2
讲这南船入岛的事故,the Ming Dynasty,0,1
讲话,the Ming Dynasty,0,2
嗟叹,the Ming Dynasty,0,2
劫寨,the Ming Dynasty,0,1
惊讶,the Ming Dynasty,0,2
勒马巡河,the Ming Dynasty,0,1
擂鼓,the Ming Dynasty,0,1
料理军务,the Ming Dynasty,0,2
忙乱,the Ming Dynasty,0,1
纳闷,the Ming Dynasty,0,3
恼怒,the Ming Dynasty,0,1
闹吵,the Ming Dynasty,0,1
念诵,the Ming Dynasty,0,2
捏神捣鬼,the Ming Dynasty,0,1
排兵布阵,the Ming Dynasty,0,1
盘问马灵,the Ming Dynasty,0,1
起行,the Ming Dynasty,0,4
嚷闹,the Ming Dynasty,0,1
洒扫,the Ming Dynasty,0,1
商量,the Ming Dynasty,0,1
商议,the Ming Dynasty,0,7
商议军事,the Ming Dynasty,0,1
商议朝廷大事,the Ming Dynasty,0,1
商议迎敌之策,the Ming Dynasty,0,1
商议御乱之策,the Ming Dynasty,0,1
升帐,the Ming Dynasty,0,1
升座玄谈,the Ming Dynasty,0,1
食羊,the Ming Dynasty,0,1
视事,the Ming Dynasty,0,1
收拾起身,the Ming Dynasty,0,1
数钱,the Ming Dynasty,0,1
思量计较,the Ming Dynasty,0,1
思念流泪,the Ming Dynasty,0,1
思想计策,the Ming Dynasty,0,1
厮扭,the Ming Dynasty,0,2
厮杀,the Ming Dynasty,0,1
逃避,the Ming Dynasty,0,1
天翻地覆,the Ming Dynasty,0,1
恸哭,the Ming Dynasty,0,1
问起根由,the Ming Dynasty,0,1
闲谈闲论,the Ming Dynasty,0,1
闲坐,the Ming Dynasty,0,1
歇息,the Ming Dynasty,0,1
行凶,the Ming Dynasty,0,2
行走,the Ming Dynasty,0,1
寻山上烧香的人捎信与你,the Ming Dynasty,0,1
寻思,the Ming Dynasty,0,1
寻死,the Ming Dynasty,0,1
巡城,the Ming Dynasty,0,1
疑惑,the Ming Dynasty,0,5
疑惑不决,the Ming Dynasty,0,1
疑惑此事,the Ming Dynasty,0,1
疑虑,the Ming Dynasty,0,6
议事,the Ming Dynasty,0,3
忧恼,the Ming Dynasty,0,1
犹豫,the Ming Dynasty,0,10
游乐,the Ming Dynasty,0,1
游玩,the Ming Dynasty,0,1
赞叹,the Ming Dynasty,0,2
征剿,the Ming Dynasty,0,1
挣命,the Ming Dynasty,0,1
整点兵马,the Ming Dynasty,0,1
追捕你,the Ming Dynasty,0,1
追赶,the Ming Dynasty,0,1
追论这班奸臣的亲族,the Ming Dynasty,0,1
追忆寻索,the Ming Dynasty,0,1
作难,the Ming Dynasty,0,2
作笑,the Ming Dynasty,0,1
坐朝,the Ming Dynasty,0,1
坐殿,the Ming Dynasty,0,1
议争,the Ming Dynasty,0,1
备敌,the Ming Dynasty,0,1
悬念,the Ming Dynasty,0,1
肚饥,the Ming Dynasty,0,1
唧唧哝哝,the Ming Dynasty,0,1
凝思,the Ming Dynasty,0,1
忿恨,the Ming Dynasty,0,1
忧惶,the Ming Dynasty,0,1
恼你,the Ming Dynasty,0,1
拘执喧闹,the Ming Dynasty,0,1
说话,the Ming Dynasty,0,1
沉呤,the Ming Dynasty,0,1
分别,the Ming Dynasty,0,1
嚎啕大哭,the Ming Dynasty,0,1
心慌,the Ming Dynasty,0,1
禁架不定,the Ming Dynasty,0,1
挂心,the Ming Dynasty,0,1
眼花撩乱,the Ming Dynasty,0,1
含颦,the Ming Dynasty,0,1
睡醒翻身,the Ming Dynasty,0,1
设朝,the Ming Dynasty,0,1
云雨,the Ming Dynasty,0,1
梦寐,the Ming Dynasty,0,1
整酒做戏还愿,the Ming Dynasty,0,1
烦烦,the Ming Dynasty,0,1
招募豪杰,the Ming Dynasty,0,1
忧疑,the Ming Dynasty,0,1
慌速,the Ming Dynasty,0,1
要换,the Ming Dynasty,0,1
严限缉拿,the Ming Dynasty,0,1
抱屈无伸,the Ming Dynasty,0,1
发极,the Ming Dynasty,0,1
攻城,the Ming Dynasty,0,1
缺乏,the Ming Dynasty,0,1
收拾,the Ming Dynasty,0,1
叵測,the Ming Dynasty,0,1
讲究,the Ming Dynasty,0,1
奉旨,the Ming Dynasty,0,1
察照历臣原题,the Ming Dynasty,0,1
消弱,the Ming Dynasty,0,1
无所用意,the Ming Dynasty,0,1
用力,the Ming Dynasty,0,1
敬承天命以从事,the Ming Dynasty,0,1
望,the Ming Dynasty,0,2
核议,the Ming Dynasty,0,1
驰注,the Ming Dynasty,0,1
启行,the Ming Dynasty,0,1
沉病,the Ming Dynasty,0,1
懈弛,the Ming Dynasty,0,1
统兵行事,the Ming Dynasty,0,1
措置,the Ming Dynasty,0,1
号啕大哭,the Ming Dynasty,0,1
惊骇,the Ming Dynasty,0,1
叙阔,the Ming Dynasty,0,1
靠着水寨，正要动手,the Ming Dynasty,0,1
看这个宝贝,the Ming Dynasty,0,1
朝着太阳来晃也晃,the Ming Dynasty,0,1
怒发冲冠，势如破竹，走发了性子,the Ming Dynasty,0,1
张口,the Ming Dynasty,0,1
死战,the Ming Dynasty,0,1
谓千骑曰,the Ming Dynasty,0,1
出丧,the Ming Dynasty,0,1
安排一切,the Qing Dynasty,0,1
安营,the Qing Dynasty,0,1
暗恨,the Qing Dynasty,0,1
暗欢喜,the Qing Dynasty,0,1
暗惊,the Qing Dynasty,0,1
暗说,the Qing Dynasty,0,1
暗想,the Qing Dynasty,0,7
暗祝,the Qing Dynasty,0,1
懊悔嘲笑,the Qing Dynasty,0,1
懊恼,the Qing Dynasty,0,1
拔队出宫,the Qing Dynasty,0,1
拔开伽楠匣,the Qing Dynasty,0,1
把些乱草揩着,the Qing Dynasty,0,1
摆酒,the Qing Dynasty,0,1
摆着双台,the Qing Dynasty,0,1
拜着,the Qing Dynasty,0,2
办撤任的折子,the Qing Dynasty,0,1
办着大关,the Qing Dynasty,0,1
半疑半信,the Qing Dynasty,0,1
抱怨,the Qing Dynasty,0,1
抱怨邓九公啰嗦多事,the Qing Dynasty,0,1
抱怨邓九公罗嗦多事,the Qing Dynasty,0,1
暴跳如雷,the Qing Dynasty,0,1
悲苦,the Qing Dynasty,0,1
悲泣,the Qing Dynasty,0,1
悲切,the Qing Dynasty,0,1
悲伤,the Qing Dynasty,0,4
悲思,the Qing Dynasty,0,1
悲痛,the Qing Dynasty,0,1
备酒相陪,the Qing Dynasty,0,1
奔逃,the Qing Dynasty,0,1
蹦踏,the Qing Dynasty,0,1
比试,the Qing Dynasty,0,1
变,the Qing Dynasty,0,1
遍看那些挽联挽诗,the Qing Dynasty,0,1
遍体酥麻,the Qing Dynasty,0,1
辩论,the Qing Dynasty,0,1
秉烛饮酒,the Qing Dynasty,0,1
病急乱投医,the Qing Dynasty,0,1
不得开交,the Qing Dynasty,0,1
不得主意,the Qing Dynasty,0,2
不分胜败,the Qing Dynasty,0,1
不解,the Qing Dynasty,0,3
不解什么缘故,the Qing Dynasty,0,1
不明不白,the Qing Dynasty,0,1
不信,the Qing Dynasty,0,1
猜度,the Qing Dynasty,0,2
猜想,the Qing Dynasty,0,4
猜疑,the Qing Dynasty,0,9
参观,the Qing Dynasty,0,1
操练,the Qing Dynasty,0,1
嘈杂,the Qing Dynasty,0,1
查察她要怎么摆布,the Qing Dynasty,0,1
查问儿子病状,the Qing Dynasty,0,1
查问刘差官,the Qing Dynasty,0,1
查问其故,the Qing Dynasty,0,1
查问他,the Qing Dynasty,0,1
诧愕,the Qing Dynasty,0,1
诧异,the Qing Dynasty,0,9
差人打听,the Qing Dynasty,0,1
拆阅,the Qing Dynasty,0,1
畅饮,the Qing Dynasty,0,1
唱,the Qing Dynasty,0,1
唱着,the Qing Dynasty,0,1
吵不清,the Qing Dynasty,0,2
吵闹,the Qing Dynasty,0,4
扯曳,the Qing Dynasty,0,1
扯长了耳朵听他说下去,the Qing Dynasty,0,1
沉吟,the Qing Dynasty,0,11
吃茶,the Qing Dynasty,0,5
吃得高兴,the Qing Dynasty,0,1
吃点心,the Qing Dynasty,0,1
吃饭,the Qing Dynasty,0,1
吃粪,the Qing Dynasty,0,1
吃惊,the Qing Dynasty,0,1
吃酒,the Qing Dynasty,0,11
吃酒谈心,the Qing Dynasty,0,1
吃羊,the Qing Dynasty,0,1
吃药,the Qing Dynasty,0,1
痴想,the Qing Dynasty,0,1
驰奔,the Qing Dynasty,0,1
迟疑,the Qing Dynasty,0,11
迟疑不决,the Qing Dynasty,0,1
冲冲大怒,the Qing Dynasty,0,1
冲踹贼营,the Qing Dynasty,0,1
抽打,the Qing Dynasty,0,1
酬酢,the Qing Dynasty,0,1
愁烦,the Qing Dynasty,0,1
愁眉苦脸,the Qing Dynasty,0,1
愁闷,the Qing Dynasty,0,2
愁悶,the Qing Dynasty,0,1
筹划无路,the Qing Dynasty,0,1
筹量,the Qing Dynasty,0,1
筹思,the Qing Dynasty,0,1
筹议如可收拾采和夫妻的计策,the Qing Dynasty,0,1
踌躇,the Qing Dynasty,0,42
踌躇不决,the Qing Dynasty,0,1
踌躇设法,the Qing Dynasty,0,1
踌躇脱身之计,the Qing Dynasty,0,1
踌躇无处安歇,the Qing Dynasty,0,1
踌思,the Qing Dynasty,0,1
出恭,the Qing Dynasty,0,1
出神,the Qing Dynasty,0,5
出神细看,the Qing Dynasty,0,1
传见一般司、道,the Qing Dynasty,0,1
传令毕,the Qing Dynasty,0,1
垂涎,the Qing Dynasty,0,1
醋妒他两个,the Qing Dynasty,0,1
催督各军且战且走,the Qing Dynasty,0,1
催人寻觅军师众将来护救,the Qing Dynasty,0,1
忖度,the Qing Dynasty,0,1
忖量,the Qing Dynasty,0,1
打得落花流水,the Qing Dynasty,0,1
打点主意,the Qing Dynasty,0,1
打斗,the Qing Dynasty,0,1
打盹,the Qing Dynasty,0,1
打二梆,the Qing Dynasty,0,1
打关,the Qing Dynasty,0,2
打架,the Qing Dynasty,0,2
打量,the Qing Dynasty,0,2
打量着他,the Qing Dynasty,0,1
打麻,the Qing Dynasty,0,1
打起稿子,the Qing Dynasty,0,1
打睡,the Qing Dynasty,0,1
打算,the Qing Dynasty,0,4
打算抵敌之策,the Qing Dynasty,0,1
打算计策,the Qing Dynasty,0,1
打算如何再去找那长房,the Qing Dynasty,0,1
打仗,the Qing Dynasty,0,1
大摆筵席,the Qing Dynasty,0,1
大吵,the Qing Dynasty,0,1
大嚼,the Qing Dynasty,0,1
大怒,the Qing Dynasty,0,5
大肆横行,the Qing Dynasty,0,1
大喜,the Qing Dynasty,0,1
大笑,the Qing Dynasty,0,1
大悦,the Qing Dynasty,0,1
大战,the Qing Dynasty,0,1
呆呆的不得劲儿,the Qing Dynasty,0,1
呆看,the Qing Dynasty,0,1
呆看动静,the Qing Dynasty,0,1
呆立盼望,the Qing Dynasty,0,1
呆望,the Qing Dynasty,0,2
呆想,the Qing Dynasty,0,2
代你踌躇,the Qing Dynasty,0,1
带想带走,the Qing Dynasty,0,1
弹唱,the Qing Dynasty,0,1
弹唱吃酒,the Qing Dynasty,0,1
祷告,the Qing Dynasty,0,1
得趣,the Qing Dynasty,0,2
得意,the Qing Dynasty,0,5
得意洋洋,the Qing Dynasty,0,6
等候,the Qing Dynasty,0,1
等候煮熟李玄,the Qing Dynasty,0,1
等你,the Qing Dynasty,0,1
等死,the Qing Dynasty,0,1
等着,the Qing Dynasty,0,1
抵敌不住,the Qing Dynasty,0,1
点兵,the Qing Dynasty,0,1
惦记,the Qing Dynasty,0,1
调拨人马,the Qing Dynasty,0,1
调理,the Qing Dynasty,0,1
调情,the Qing Dynasty,0,1
调笑,the Qing Dynasty,0,1
掉换,the Qing Dynasty,0,1
顶嘴,the Qing Dynasty,0,1
东睃西望,the Qing Dynasty,0,1
东张西望,the Qing Dynasty,0,2
动怒,the Qing Dynasty,0,1
动手,the Qing Dynasty,0,7
督工,the Qing Dynasty,0,1
独坐,the Qing Dynasty,0,1
读书,the Qing Dynasty,0,1
对打,the Qing Dynasty,0,1
对敌,the Qing Dynasty,0,1
对镜梳头,the Qing Dynasty,0,2
对弈,the Qing Dynasty,0,1
对着镜子，细匀铅黄,the Qing Dynasty,0,1
对坐愁闷,the Qing Dynasty,0,1
对坐说话,the Qing Dynasty,0,1
兑银子赔鹰,the Qing Dynasty,0,1
躲来躲去,the Qing Dynasty,0,1
恶斗,the Qing Dynasty,0,1
发愁,the Qing Dynasty,0,3
发出光来,the Qing Dynasty,0,1
发呆,the Qing Dynasty,0,3
发抖,the Qing Dynasty,0,2
发烦,the Qing Dynasty,0,1
发放,the Qing Dynasty,0,1
发放银钱,the Qing Dynasty,0,1
发疯,the Qing Dynasty,0,1
发慌,the Qing Dynasty,0,2
发货落船,the Qing Dynasty,0,1
发急,the Qing Dynasty,0,1
发脚追赶,the Qing Dynasty,0,1
发狂,the Qing Dynasty,0,1
发愣,the Qing Dynasty,0,12
发闷,the Qing Dynasty,0,2
发怒,the Qing Dynasty,0,2
发呕,the Qing Dynasty,0,1
发威,the Qing Dynasty,0,1
发笑,the Qing Dynasty,0,1
发躁,the Qing Dynasty,0,2
发怔,the Qing Dynasty,0,1
伐柯,the Qing Dynasty,0,1
烦得了不得,the Qing Dynasty,0,1
烦虑,the Qing Dynasty,0,1
烦闷,the Qing Dynasty,0,8
烦恼,the Qing Dynasty,0,11
烦思,the Qing Dynasty,0,1
犯想,the Qing Dynasty,0,3
访拿打听,the Qing Dynasty,0,1
放人,the Qing Dynasty,0,1
放心,the Qing Dynasty,0,1
分辩,the Qing Dynasty,0,1
分付,the Qing Dynasty,0,1
分付枪刀要锐利,the Qing Dynasty,0,1
分理事务,the Qing Dynasty,0,1
分派,the Qing Dynasty,0,2
分派兵将,the Qing Dynasty,0,1
吩咐,the Qing Dynasty,0,3
吩咐伙计将店内暂闭,the Qing Dynasty,0,1
吩咐收生,the Qing Dynasty,0,1
焚化纸钱,the Qing Dynasty,0,1
愤懑,the Qing Dynasty,0,1
愤怒,the Qing Dynasty,0,2
逢场作戏,the Qing Dynasty,0,1
奉承,the Qing Dynasty,0,1
伏侍盥洗,the Qing Dynasty,0,1
服母丧,the Qing Dynasty,0,1
抚谕可汗,the Qing Dynasty,0,1
付价给他,the Qing Dynasty,0,1
附耳议论,the Qing Dynasty,0,1
赶打,the Qing Dynasty,0,1
赶打喽卒,the Qing Dynasty,0,1
赶逐野兽,the Qing Dynasty,0,1
感激,the Qing Dynasty,0,2
感伤,the Qing Dynasty,0,1
高谈,the Qing Dynasty,0,1
高谈阔论,the Qing Dynasty,0,2
高兴,the Qing Dynasty,0,8
告诉薛龙、薛虎，将赛姜维压在假山洞口,the Qing Dynasty,0,1
歌舞,the Qing Dynasty,0,1
各说其事,the Qing Dynasty,0,1
给质克做手势陪不是,the Qing Dynasty,0,1
根问,the Qing Dynasty,0,1
攻打,the Qing Dynasty,0,1
攻打宁远,the Qing Dynasty,0,1
攻他,the Qing Dynasty,0,1
恭维东方明,the Qing Dynasty,0,1
构思,the Qing Dynasty,0,1
孤疑,the Qing Dynasty,0,1
关门,the Qing Dynasty,0,1
关他举动,the Qing Dynasty,0,1
观看,the Qing Dynasty,0,20
观看殿廓,the Qing Dynasty,0,1
观看景致,the Qing Dynasty,0,1
观览,the Qing Dynasty,0,1
观玩,the Qing Dynasty,0,3
观望,the Qing Dynasty,0,4
观阵,the Qing Dynasty,0,1
鳏居,the Qing Dynasty,0,1
过桥,the Qing Dynasty,0,1
害怕,the Qing Dynasty,0,6
酣斗,the Qing Dynasty,0,1
酣睡,the Qing Dynasty,0,1
酣战,the Qing Dynasty,0,6
含着眼泪,the Qing Dynasty,0,1
喊叫,the Qing Dynasty,0,1
喊杀,the Qing Dynasty,0,1
喊冤,the Qing Dynasty,0,1
好睡,the Qing Dynasty,0,4
浩叹,the Qing Dynasty,0,1
喝茶,the Qing Dynasty,0,1
喝酒,the Qing Dynasty,0,7
喝酒、吃饭,the Qing Dynasty,0,1
喝酒谈心,the Qing Dynasty,0,1
喝着茶,the Qing Dynasty,0,1
喝着酒,the Qing Dynasty,0,1
恨他,the Qing Dynasty,0,1
恨着章秋谷无故把他们骂了一顿,the Qing Dynasty,0,1
哼痛,the Qing Dynasty,0,1
横行,the Qing Dynasty,0,1
后悔自己方才在庙上不合一时粗心,the Qing Dynasty,0,1
后悔自己方才在庙上不合一时粗心不曾认出他那个假面目来,the Qing Dynasty,0,1
狐疑,the Qing Dynasty,0,3
胡猜乱想,the Qing Dynasty,0,1
胡思,the Qing Dynasty,0,4
胡思乱想,the Qing Dynasty,0,13
化纸,the Qing Dynasty,0,1
话旧谈心,the Qing Dynasty,0,1
欢呼畅饮,the Qing Dynasty,0,1
欢天喜地,the Qing Dynasty,0,1
欢喜,the Qing Dynasty,0,5
欢饮,the Qing Dynasty,0,2
歡喜,the Qing Dynasty,0,1
慌不择路,the Qing Dynasty,0,1
慌急,the Qing Dynasty,0,1
慌乱,the Qing Dynasty,0,4
慌忙,the Qing Dynasty,0,2
慌张,the Qing Dynasty,0,7
慌张无计可施,the Qing Dynasty,0,1
惶惑,the Qing Dynasty,0,1
挥拳,the Qing Dynasty,0,2
回禀,the Qing Dynasty,0,1
回答,the Qing Dynasty,0,1
回话,the Qing Dynasty,0,1
悔恨,the Qing Dynasty,0,1
昏睡,the Qing Dynasty,0,1
混杀,the Qing Dynasty,0,1
混战,the Qing Dynasty,0,1
饥,the Qing Dynasty,0,1
饥饿,the Qing Dynasty,0,4
缉拿,the Qing Dynasty,0,1
激励三军,the Qing Dynasty,0,1
急得坐卧不安,the Qing Dynasty,0,1
急迫,the Qing Dynasty,0,1
急于成全他的终身大事,the Qing Dynasty,0,1
急于成全她的终身大事,the Qing Dynasty,0,1
计算你我,the Qing Dynasty,0,1
计算为难,the Qing Dynasty,0,1
计无所出,the Qing Dynasty,0,1
计议,the Qing Dynasty,0,2
计议和议的方针,the Qing Dynasty,0,1
加鞭,the Qing Dynasty,0,1
加工搭盖,the Qing Dynasty,0,1
监看工匠,the Qing Dynasty,0,1
煎什么药,the Qing Dynasty,0,1
见着,the Qing Dynasty,0,1
将枪刺空,the Qing Dynasty,0,1
将上好美酒，小缸倾转大缸，香浓浓的顺风吹送来,the Qing Dynasty,0,1
讲得高兴,the Qing Dynasty,0,2
讲得热闹,the Qing Dynasty,0,1
讲的热闹,the Qing Dynasty,0,1
讲话,the Qing Dynasty,0,8
讲交情,the Qing Dynasty,0,1
讲解,the Qing Dynasty,0,1
讲经,the Qing Dynasty,0,1
讲论,the Qing Dynasty,0,2
講究清訟,the Qing Dynasty,0,1
交锋,the Qing Dynasty,0,1
交结不开,the Qing Dynasty,0,1
交手,the Qing Dynasty,0,3
交谈,the Qing Dynasty,0,1
交战,the Qing Dynasty,0,3
交仗,the Qing Dynasty,0,1
焦思,the Qing Dynasty,0,3
焦燥,the Qing Dynasty,0,1
焦躁,the Qing Dynasty,0,2
叫不开,the Qing Dynasty,0,2
叫城,the Qing Dynasty,0,1
叫人上楼,the Qing Dynasty,0,1
叫天天不语，叫地地不应,the Qing Dynasty,0,1
教学生的书,the Qing Dynasty,0,1
嗟叹,the Qing Dynasty,0,5
劫夺,the Qing Dynasty,0,1
劫抢该处村庄,the Qing Dynasty,0,1
解劝,the Qing Dynasty,0,1
尽力相杀,the Qing Dynasty,0,1
进城讨限,the Qing Dynasty,0,1
进退两难,the Qing Dynasty,0,3
进退无路,the Qing Dynasty,0,1
进行我的任务,the Qing Dynasty,0,1
惊慌,the Qing Dynasty,0,18
惊惶,the Qing Dynasty,0,4
惊惶失措,the Qing Dynasty,0,1
惊惶无措,the Qing Dynasty,0,1
惊惧,the Qing Dynasty,0,2
惊讶,the Qing Dynasty,0,1
惊讶败不知指的什么,the Qing Dynasty,0,1
惊疑,the Qing Dynasty,0,5
惊异,the Qing Dynasty,0,1
惊忧,the Qing Dynasty,0,1
净面吃茶,the Qing Dynasty,0,2
静候,the Qing Dynasty,0,1
静候捷音,the Qing Dynasty,0,1
静听上头的问话预备对付,the Qing Dynasty,0,1
窘迫,the Qing Dynasty,0,1
举杯要饮,the Qing Dynasty,0,1
举事,the Qing Dynasty,0,1
龃龉,the Qing Dynasty,0,1
聚话,the Qing Dynasty,0,1
聚集众将商议,the Qing Dynasty,0,1
觉得去住两难,the Qing Dynasty,0,1
开怀畅饮不表,the Qing Dynasty,0,1
开掘,the Qing Dynasty,0,1
开门,the Qing Dynasty,0,1
开演,the Qing Dynasty,0,1
慨叹,the Qing Dynasty,0,1
看,the Qing Dynasty,0,1
看《庄子》和《史记》,the Qing Dynasty,0,1
看表,the Qing Dynasty,0,1
看呆,the Qing Dynasty,0,1
看得不耐煩,the Qing Dynasty,0,1
看得不厌不倦,the Qing Dynasty,0,1
看得有趣,the Qing Dynasty,0,1
看得有些头晕,the Qing Dynasty,0,1
看那花榜,the Qing Dynasty,0,1
看诗,the Qing Dynasty,0,1
看视,the Qing Dynasty,0,1
看守陆氏,the Qing Dynasty,0,1
看书,the Qing Dynasty,0,2
看戏,the Qing Dynasty,0,1
看这河里,the Qing Dynasty,0,1
看着,the Qing Dynasty,0,8
看阵图,the Qing Dynasty,0,1
犒劳三军,the Qing Dynasty,0,1
磕头,the Qing Dynasty,0,1
渴,the Qing Dynasty,0,1
渴想,the Qing Dynasty,0,1
口出狂言大话,the Qing Dynasty,0,1
枯渴,the Qing Dynasty,0,1
哭别,the Qing Dynasty,0,1
哭得难解难分,the Qing Dynasty,0,1
哭哭啼啼,the Qing Dynasty,0,1
哭泣,the Qing Dynasty,0,3
哭求,the Qing Dynasty,0,1
苦念李夫人,the Qing Dynasty,0,1
苦求,the Qing Dynasty,0,1
苦劝,the Qing Dynasty,0,1
夸口,the Qing Dynasty,0,1
夸他师父的本事,the Qing Dynasty,0,1
快活,the Qing Dynasty,0,1
快乐,the Qing Dynasty,0,1
款待鹪寄生、徐鸣皋二人,the Qing Dynasty,0,1
来,the Qing Dynasty,0,1
来念叨,the Qing Dynasty,0,1
拦住官兵不叫进山,the Qing Dynasty,0,1
劳心,the Qing Dynasty,0,1
唠唠叨叨,the Qing Dynasty,0,1
老等,the Qing Dynasty,0,1
雷鸣,the Qing Dynasty,0,1
力怯,the Qing Dynasty,0,1
励精求治,the Qing Dynasty,0,1
练习拳脚,the Qing Dynasty,0,1
炼道,the Qing Dynasty,0,2
料理,the Qing Dynasty,0,1
流,the Qing Dynasty,0,1
流泪,the Qing Dynasty,0,1
流连赏玩,the Qing Dynasty,0,1
乱藏,the Qing Dynasty,0,1
乱闯,the Qing Dynasty,0,1
乱窜,the Qing Dynasty,0,1
乱喊,the Qing Dynasty,0,1
轮转,the Qing Dynasty,0,2
论古,the Qing Dynasty,0,1
掠取遗车弃仗,the Qing Dynasty,0,1
掠阵,the Qing Dynasty,0,1
骂不绝声,the Qing Dynasty,0,1
骂得高兴,the Qing Dynasty,0,1
骂战,the Qing Dynasty,0,1
埋怨宝刀将韩殿魁,the Qing Dynasty,0,1
埋怨和尚,the Qing Dynasty,0,1
满腹踌躇,the Qing Dynasty,0,1
慢行贪着,the Qing Dynasty,0,1
忙的不堪,the Qing Dynasty,0,1
忙個不了,the Qing Dynasty,0,1
忙碌,the Qing Dynasty,0,1
忙乱,the Qing Dynasty,0,4
忙着,the Qing Dynasty,0,1
没得主意,the Qing Dynasty,0,1
没法,the Qing Dynasty,0,8
没意思,the Qing Dynasty,0,1
闷倦,the Qing Dynasty,0,1
闷闷不乐,the Qing Dynasty,0,1
密语,the Qing Dynasty,0,1
勉强,the Qing Dynasty,0,1
勉强梳头,the Qing Dynasty,0,1
勉强支持,the Qing Dynasty,0,1
瞑目待死,the Qing Dynasty,0,1
摸不着头,the Qing Dynasty,0,1
摸出小手巾儿来擦着,the Qing Dynasty,0,1
磨墨濡毫,the Qing Dynasty,0,1
默念自己的居室,the Qing Dynasty,0,1
目不转睛去望,the Qing Dynasty,0,1
纳闷,the Qing Dynasty,0,28
难分难解,the Qing Dynasty,0,1
难解难分,the Qing Dynasty,0,2
恼恨,the Qing Dynasty,0,1
恼闷,the Qing Dynasty,0,1
恼怒,the Qing Dynasty,0,2
闹得起劲,the Qing Dynasty,0,1
闹得烟雾尘天,the Qing Dynasty,0,1
闹的筋疲力尽,the Qing Dynasty,0,1
你言我语,the Qing Dynasty,0,1
你一刀，我一枪，杀得高兴,the Qing Dynasty,0,1
念叨,the Qing Dynasty,0,1
念道‘天文双声’,the Qing Dynasty,0,1
念书,the Qing Dynasty,0,1
念诵,the Qing Dynasty,0,1
凝神,the Qing Dynasty,0,4
凝神侧耳,the Qing Dynasty,0,1
凝神观看,the Qing Dynasty,0,4
凝神观望,the Qing Dynasty,0,2
凝神细想,the Qing Dynasty,0,1
凝视,the Qing Dynasty,0,1
凝思,the Qing Dynasty,0,2
凝思打点主意,the Qing Dynasty,0,1
扭结固结,the Qing Dynasty,0,1
怒不可遏,the Qing Dynasty,0,1
怒气勃勃,the Qing Dynasty,0,1
怒气未息,the Qing Dynasty,0,1
呕秽嚷乱,the Qing Dynasty,0,1
呕气,the Qing Dynasty,0,2
徘徊,the Qing Dynasty,0,2
徘徊不舍,the Qing Dynasty,0,1
盘算,the Qing Dynasty,0,1
盘算那三千头,the Qing Dynasty,0,1
盘问酒菜的来由,the Qing Dynasty,0,1
盘膝打坐,the Qing Dynasty,0,1
盼到,the Qing Dynasty,0,2
盼他回家相会,the Qing Dynasty,0,2
盼望,the Qing Dynasty,0,19
盼望回音,the Qing Dynasty,0,1
盼望你老人家,the Qing Dynasty,0,1
盼望著海瑞成名的捷报,the Qing Dynasty,0,1
盼想,the Qing Dynasty,0,1
盼想你,the Qing Dynasty,0,1
盼想圣僧,the Qing Dynasty,0,1
盼想无形太岁马金川、九朵梅花孙伯虎杀官盗印,the Qing Dynasty,0,1
徬徨无计,the Qing Dynasty,0,1
跑,the Qing Dynasty,0,1
跑去,the Qing Dynasty,0,1
跑着,the Qing Dynasty,0,1
披衣坐起,the Qing Dynasty,0,1
拚力恶斗,the Qing Dynasty,0,1
拼命与那五个人大战,the Qing Dynasty,0,1
拼死前进,the Qing Dynasty,0,1
评论得高兴,the Qing Dynasty,0,1
扑救,the Qing Dynasty,0,1
七张火嘴,the Qing Dynasty,0,1
凄惶,the Qing Dynasty,0,1
奇怪,the Qing Dynasty,0,1
起风作浪,the Qing Dynasty,0,1
气喘,the Qing Dynasty,0,1
气吹董太清,the Qing Dynasty,0,1
气得发昏,the Qing Dynasty,0,1
气厥,the Qing Dynasty,0,1
气闷,the Qing Dynasty,0,1
气恼,the Qing Dynasty,0,1
掐数,the Qing Dynasty,0,1
前思後想,the Qing Dynasty,0,1
前行观望,the Qing Dynasty,0,1
强辩,the Qing Dynasty,0,1
瞧着纳闷,the Qing Dynasty,0,1
窃窃私议,the Qing Dynasty,0,1
窃听,the Qing Dynasty,0,2
擒拿,the Qing Dynasty,0,1
倾听,the Qing Dynasty,0,1
情急,the Qing Dynasty,0,1
情思迷离香魂若醉,the Qing Dynasty,0,1
请不着先生,the Qing Dynasty,0,2
庆贺,the Qing Dynasty,0,1
劝彩云饮酒,the Qing Dynasty,0,1
劝解,the Qing Dynasty,0,1
劝解钱文华不必伤感,the Qing Dynasty,0,1
劝解他,the Qing Dynasty,0,1
劝善规过,the Qing Dynasty,0,1
劝说,the Qing Dynasty,0,1
劝慰李昆,the Qing Dynasty,0,1
缺货,the Qing Dynasty,0,1
缺饷,the Qing Dynasty,0,1
嚷着,the Qing Dynasty,0,1
让坐,the Qing Dynasty,0,2
让坐问话,the Qing Dynasty,0,1
扰攘,the Qing Dynasty,0,1
人饥马渴,the Qing Dynasty,0,1
辱骂讨战,the Qing Dynasty,0,1
锐盛,the Qing Dynasty,0,1
撒泼,the Qing Dynasty,0,1
搔头摸耳,the Qing Dynasty,0,1
杀得高兴,the Qing Dynasty,0,1
杀得难解难分,the Qing Dynasty,0,3
杀的高兴,the Qing Dynasty,0,1
杀番兵,the Qing Dynasty,0,1
杀害石铸,the Qing Dynasty,0,1
杀人,the Qing Dynasty,0,1
杀贼,the Qing Dynasty,0,1
闪、砍、劈、剁,the Qing Dynasty,0,1
扇茶,the Qing Dynasty,0,1
伤悲,the Qing Dynasty,0,1
伤心,the Qing Dynasty,0,4
商量,the Qing Dynasty,0,1
商量攻打,the Qing Dynasty,0,1
商量回去夺回山林,the Qing Dynasty,0,1
商议,the Qing Dynasty,0,12
商议办法,the Qing Dynasty,0,1
赏欢,the Qing Dynasty,0,1
上马,the Qing Dynasty,0,1
舍钱,the Qing Dynasty,0,1
设朝,the Qing Dynasty,0,1
设法借贷,the Qing Dynasty,0,1
设计,the Qing Dynasty,0,1
深悔,the Qing Dynasty,0,1
神魂飘荡,the Qing Dynasty,0,1
审断,the Qing Dynasty,0,1
审诘,the Qing Dynasty,0,1
审问一起奸情,the Qing Dynasty,0,1
升堂,the Qing Dynasty,0,1
升座说法,the Qing Dynasty,0,1
生火,the Qing Dynasty,0,1
生气,the Qing Dynasty,0,1
声嚷,the Qing Dynasty,0,1
施设,the Qing Dynasty,0,1
使用,the Qing Dynasty,0,1
似睡非睡,the Qing Dynasty,0,2
拭泪,the Qing Dynasty,0,1
收盆,the Qing Dynasty,0,1
收尸埋葬,the Qing Dynasty,0,1
受苦,the Qing Dynasty,0,1
梳头,the Qing Dynasty,0,1
梳洗,the Qing Dynasty,0,10
舒头探望,the Qing Dynasty,0,1
熟睡,the Qing Dynasty,0,3
束手无策,the Qing Dynasty,0,2
耍着,the Qing Dynasty,0,1
睡去,the Qing Dynasty,0,1
睡熟,the Qing Dynasty,0,2
顺着他的小手远远望去,the Qing Dynasty,0,1
说,the Qing Dynasty,0,1
说得高兴,the Qing Dynasty,0,3
说得情投意合,the Qing Dynasty,0,1
说得痛快,the Qing Dynasty,0,1
说话,the Qing Dynasty,0,27
说起张士贵攻打关头,the Qing Dynasty,0,1
说俏皮话儿,the Qing Dynasty,0,1
说我的来意,the Qing Dynasty,0,1
说笑,the Qing Dynasty,0,6
说笑话,the Qing Dynasty,0,1
说这话,the Qing Dynasty,0,1
说这种人是贼骨头,the Qing Dynasty,0,1
说着,the Qing Dynasty,0,17
说着话,the Qing Dynasty,0,2
思忖,the Qing Dynasty,0,4
思量,the Qing Dynasty,0,8
思虑,the Qing Dynasty,0,2
思闷,the Qing Dynasty,0,1
思念此人,the Qing Dynasty,0,1
思念儿女落泪,the Qing Dynasty,0,1
思念瑞龙困在狱中,the Qing Dynasty,0,1
思算,the Qing Dynasty,0,1
思索,the Qing Dynasty,0,16
思乡垂泪,the Qing Dynasty,0,1
思想,the Qing Dynasty,0,29
思想如何破得宋兵之计,the Qing Dynasty,0,1
思想自己终身,the Qing Dynasty,0,1
思饮,the Qing Dynasty,0,1
厮斗不下,the Qing Dynasty,0,1
厮杀,the Qing Dynasty,0,2
死战,the Qing Dynasty,0,1
四顾踌躇,the Qing Dynasty,0,1
四顾彷徨,the Qing Dynasty,0,1
送茶,the Qing Dynasty,0,1
送饭,the Qing Dynasty,0,1
搜庙放人,the Qing Dynasty,0,1
随口乱嘈,the Qing Dynasty,0,1
抬头看三匹坐马甚威风,the Qing Dynasty,0,1
贪看景致,the Qing Dynasty,0,1
贪看十三妹在墙上题的那折词儿,the Qing Dynasty,0,1
谈,the Qing Dynasty,0,1
谈得高兴,the Qing Dynasty,0,1
谈得热闹,the Qing Dynasty,0,1
谈的高兴,the Qing Dynasty,0,1
谈话,the Qing Dynasty,0,1
谈论,the Qing Dynasty,0,22
谈论秦始皇帝如何致死的问题,the Qing Dynasty,0,1
谈论药酒之事,the Qing Dynasty,0,1
谈说,the Qing Dynasty,0,1
谈谈笑笑,the Qing Dynasty,0,1
谈笑,the Qing Dynasty,0,2
谈心,the Qing Dynasty,0,1
谈心叙话,the Qing Dynasty,0,1
谈着话,the Qing Dynasty,0,3
忐忑,the Qing Dynasty,0,1
叹气,the Qing Dynasty,0,1
叹赏,the Qing Dynasty,0,1
叹赏不绝,the Qing Dynasty,0,1
叹息,the Qing Dynasty,0,2
叹异,the Qing Dynasty,0,1
探抹桌案,the Qing Dynasty,0,1
探望,the Qing Dynasty,0,3
掏出小手巾儿来擦着,the Qing Dynasty,0,1
逃奔,the Qing Dynasty,0,2
讨战,the Qing Dynasty,0,1
疼儿子,the Qing Dynasty,0,1
疼痛,the Qing Dynasty,0,1
提议这事,the Qing Dynasty,0,1
啼哭,the Qing Dynasty,0,3
啼啼哭哭,the Qing Dynasty,0,1
添设床铺,the Qing Dynasty,0,1
眺望,the Qing Dynasty,0,3
跳了水,the Qing Dynasty,0,1
听得诧异,the Qing Dynasty,0,1
听得出神,the Qing Dynasty,0,1
听得高兴,the Qing Dynasty,0,1
听得有些入神儿,the Qing Dynasty,0,2
听见赵姨娘厮吵,the Qing Dynasty,0,1
听下面那位老英雄道姓名,the Qing Dynasty,0,1
听着,the Qing Dynasty,0,1
恸悼,the Qing Dynasty,0,1
痛哭,the Qing Dynasty,0,1
痛骂,the Qing Dynasty,0,1
偷看那对过房间的客人,the Qing Dynasty,0,1
吐舌称异,the Qing Dynasty,0,2
推辞,the Qing Dynasty,0,1
推想其意,the Qing Dynasty,0,1
吞声饮泣,the Qing Dynasty,0,1
托起,the Qing Dynasty,0,1
脱身不得,the Qing Dynasty,0,1
脱衣乘凉见姓石的由西小院出来,the Qing Dynasty,0,1
玩得高兴,the Qing Dynasty,0,1
玩耍,the Qing Dynasty,0,1
顽的高兴,the Qing Dynasty,0,1
挽缰,the Qing Dynasty,0,1
婉转踌躇,the Qing Dynasty,0,1
望妻如渴,the Qing Dynasty,0,1
危坐养气,the Qing Dynasty,0,1
围住得意,the Qing Dynasty,0,1
为难,the Qing Dynasty,0,49
委决不下,the Qing Dynasty,0,1
为难发愁,the Qing Dynasty,0,1
未分胜负,the Qing Dynasty,0,1
未完,the Qing Dynasty,0,1
问答,the Qing Dynasty,0,1
问打,the Qing Dynasty,0,1
问道士兄弟要凭据,the Qing Dynasty,0,1
问我嫂子,the Qing Dynasty,0,1
问心,the Qing Dynasty,0,1
无处藏躲,the Qing Dynasty,0,1
无从着力,the Qing Dynasty,0,1
无法可想,the Qing Dynasty,0,1
无计,the Qing Dynasty,0,3
无计可施,the Qing Dynasty,0,3
无计可使,the Qing Dynasty,0,1
无可奈何,the Qing Dynasty,0,4
无可奈听,the Qing Dynasty,0,1
无可如何,the Qing Dynasty,0,2
无聊,the Qing Dynasty,0,1
无门可退,the Qing Dynasty,0,1
无奈,the Qing Dynasty,0,1
无事闲谈,the Qing Dynasty,0,2
唏欷,the Qing Dynasty,0,1
习练武术,the Qing Dynasty,0,1
洗面,the Qing Dynasty,0,2
洗拭头上的血渍,the Qing Dynasty,0,1
戏耍高源、苏永禄这二人,the Qing Dynasty,0,1
系裙,the Qing Dynasty,0,1
细看,the Qing Dynasty,0,3
细细打量,the Qing Dynasty,0,1
细绎母训,the Qing Dynasty,0,1
下船,the Qing Dynasty,0,1
下棋,the Qing Dynasty,0,1
鲜血淋漓挖那五脏心肝出来,the Qing Dynasty,0,1
闲话,the Qing Dynasty,0,4
闲讲,the Qing Dynasty,0,1
闲立,the Qing Dynasty,0,1
闲谈,the Qing Dynasty,0,13
闲谈论,the Qing Dynasty,0,1
闲游过去,the Qing Dynasty,0,1
闲争闲讲,the Qing Dynasty,0,1
衔恨,the Qing Dynasty,0,1
嫌憎他二人这宗气味难闻,the Qing Dynasty,0,1
相持,the Qing Dynasty,0,1
相待,the Qing Dynasty,0,1
相度地势,the Qing Dynasty,0,1
相见,the Qing Dynasty,0,1
相望尉迟恭,the Qing Dynasty,0,1
相叙,the Qing Dynasty,0,1
相议,the Qing Dynasty,0,1
想,the Qing Dynasty,0,2
想得出神,the Qing Dynasty,0,1
想断思绝，目定神昏,the Qing Dynasty,0,1
想法联络联络,the Qing Dynasty,0,1
想法子,the Qing Dynasty,0,1
想及,the Qing Dynasty,0,1
想计,the Qing Dynasty,0,1
想劫牢反狱人少,the Qing Dynasty,0,1
想念你老人家,the Qing Dynasty,0,1
想念他,the Qing Dynasty,0,1
想人,the Qing Dynasty,0,1
想如何处理此事,the Qing Dynasty,0,1
想像自言,the Qing Dynasty,0,1
想着,the Qing Dynasty,0,3
想着昨夜之梦,the Qing Dynasty,0,1
想子,the Qing Dynasty,0,1
笑,the Qing Dynasty,0,1
笑得热闹,the Qing Dynasty,0,1
笑得有趣,the Qing Dynasty,0,1
笑着,the Qing Dynasty,0,1
歇息,the Qing Dynasty,0,1
歇吁带喘,the Qing Dynasty,0,1
写,the Qing Dynasty,0,1
写好了几封信,the Qing Dynasty,0,1
写字,the Qing Dynasty,0,1
卸妆要睡,the Qing Dynasty,0,2
心担恐惧,the Qing Dynasty,0,1
心荡神迷,the Qing Dynasty,0,1
心烦,the Qing Dynasty,0,1
心烦意乱,the Qing Dynasty,0,1
心慌,the Qing Dynasty,0,1
心急,the Qing Dynasty,0,1
心焦,the Qing Dynasty,0,2
心惊胆裂,the Qing Dynasty,0,1
心满意足,the Qing Dynasty,0,1
心疑,the Qing Dynasty,0,1
欣喜,the Qing Dynasty,0,1
行礼,the Qing Dynasty,0,1
行走,the Qing Dynasty,0,2
兴兵征伐,the Qing Dynasty,0,1
修炼,the Qing Dynasty,0,1
绣一条裙,the Qing Dynasty,0,1
序稿,the Qing Dynasty,0,1
叙话,the Qing Dynasty,0,2
叙话得浓,the Qing Dynasty,0,1
叙论,the Qing Dynasty,0,1
叙说,the Qing Dynasty,0,1
叙谈,the Qing Dynasty,0,1
叙些客套,the Qing Dynasty,0,1
喧哗,the Qing Dynasty,0,1
喧嚷,the Qing Dynasty,0,1
学习指掌臂法,the Qing Dynasty,0,1
谑谈,the Qing Dynasty,0,1
寻乐,the Qing Dynasty,0,1
寻思,the Qing Dynasty,0,6
寻仙求道,the Qing Dynasty,0,1
寻找,the Qing Dynasty,0,2
寻找老蛟不得,the Qing Dynasty,0,1
寻找那笑声从哪儿来,the Qing Dynasty,0,1
巡查,the Qing Dynasty,0,1
巡查南山口,the Qing Dynasty,0,1
巡城,the Qing Dynasty,0,1
巡更,the Qing Dynasty,0,1
巡夜,the Qing Dynasty,0,1
询问,the Qing Dynasty,0,1
尋思,the Qing Dynasty,0,1
言说,the Qing Dynasty,0,1
言谈,the Qing Dynasty,0,6
言谈嗟叹,the Qing Dynasty,0,1
言语,the Qing Dynasty,0,1
演那《翠屏山》,the Qing Dynasty,0,1
演说此鱼之美及厨司烹调之得法,the Qing Dynasty,0,1
演阵,the Qing Dynasty,0,1
艳羡,the Qing Dynasty,0,2
宴乐,the Qing Dynasty,0,1
扬扬得意,the Qing Dynasty,0,2
洋洋得意,the Qing Dynasty,0,2
洋洋自得,the Qing Dynasty,0,1
仰观,the Qing Dynasty,0,1
养病,the Qing Dynasty,0,1
吆吆喝喝,the Qing Dynasty,0,1
要看状,the Qing Dynasty,0,1
要杀,the Qing Dynasty,0,1
要寻公馆搬上岸雇夫上省,the Qing Dynasty,0,1
要银子,the Qing Dynasty,0,1
要与那马成龙拚命,the Qing Dynasty,0,1
耀武扬威,the Qing Dynasty,0,2
耀武扬威说道,the Qing Dynasty,0,1
耀着,the Qing Dynasty,0,1
一愣,the Qing Dynasty,0,7
一头说笑，一头作活,the Qing Dynasty,0,2
疑猜,the Qing Dynasty,0,1
疑诧,the Qing Dynasty,0,1
疑惑,the Qing Dynasty,0,17
疑惑不定,the Qing Dynasty,0,1
疑惑细思奇异,the Qing Dynasty,0,1
疑虑,the Qing Dynasty,0,3
疑虑心忧,the Qing Dynasty,0,1
疑难,the Qing Dynasty,0,1
疑思,the Qing Dynasty,0,1
疑想,the Qing Dynasty,0,3
疑心,the Qing Dynasty,0,5
疑疑惑惑,the Qing Dynasty,0,3
议论,the Qing Dynasty,0,25
议论道姑遇到公子,the Qing Dynasty,0,1
议论纷纷,the Qing Dynasty,0,2
议论降守之策,the Qing Dynasty,0,1
议论军机大事,the Qing Dynasty,0,1
议论如何拿贼,the Qing Dynasty,0,1
议论上巡抚彭大人那里送信调集官兵,the Qing Dynasty,0,1
议论仙姑所说的消息,the Qing Dynasty,0,1
议论余鸿法术拿人,the Qing Dynasty,0,1
议事,the Qing Dynasty,0,2
吟罢酒令,the Qing Dynasty,0,1
吟咏,the Qing Dynasty,0,1
引孩子顽笑,the Qing Dynasty,0,1
引见,the Qing Dynasty,0,1
饮得高兴,the Qing Dynasty,0,1
饮酒,the Qing Dynasty,0,6
饮酒作乐,the Qing Dynasty,0,1
应酬的高兴,the Qing Dynasty,0,1
应酬那些人,the Qing Dynasty,0,1
用功,the Qing Dynasty,0,6
用功读书,the Qing Dynasty,0,1
用尽平生之力，与窦尔墩夺刀,the Qing Dynasty,0,1
用力推掮,the Qing Dynasty,0,1
用人,the Qing Dynasty,0,1
用言安慰,the Qing Dynasty,0,1
用夜膳,the Qing Dynasty,0,1
忧愁,the Qing Dynasty,0,1
忧惧,the Qing Dynasty,0,1
忧虑,the Qing Dynasty,0,7
忧闷,the Qing Dynasty,0,2
忧闷三位仙姑的去向,the Qing Dynasty,0,1
忧心,the Qing Dynasty,0,2
忧疑,the Qing Dynasty,0,1
犹疑,the Qing Dynasty,0,6
犹豫,the Qing Dynasty,0,3
犹豫不定,the Qing Dynasty,0,1
游移,the Qing Dynasty,0,1
有奉托老亲翁的事,the Qing Dynasty,0,1
有事,the Qing Dynasty,0,1
又气又羞,the Qing Dynasty,0,1
愚弄自己,the Qing Dynasty,0,1
预备出城,the Qing Dynasty,0,1
预备阅卷,the Qing Dynasty,0,1
预备招架,the Qing Dynasty,0,1
预防张府,the Qing Dynasty,0,1
御风而行,the Qing Dynasty,0,1
怨恨,the Qing Dynasty,0,1
怨恨东方朔,the Qing Dynasty,0,1
阅课,the Qing Dynasty,0,1
运功夫,the Qing Dynasty,0,1
砸锁,the Qing Dynasty,0,1
责备徐寿,the Qing Dynasty,0,1
扎营,the Qing Dynasty,0,1
张看,the Qing Dynasty,0,1
张望,the Qing Dynasty,0,1
张着口,the Qing Dynasty,0,1
招呼众喽兵归降,the Qing Dynasty,0,1
招集败残军士逃命,the Qing Dynasty,0,1
招架不住,the Qing Dynasty,0,2
招架厮杀,the Qing Dynasty,0,1
找您去,the Qing Dynasty,0,1
找胜官保,the Qing Dynasty,0,1
找她,the Qing Dynasty,0,1
找寻,the Qing Dynasty,0,1
照着自己一弹打来,the Qing Dynasty,0,1
遮拦隔架,the Qing Dynasty,0,1
着慌,the Qing Dynasty,0,3
着急,the Qing Dynasty,0,55
着急叫喊,the Qing Dynasty,0,1
着急听候内信,the Qing Dynasty,0,1
着忙,the Qing Dynasty,0,5
着恼,the Qing Dynasty,0,2
争斗,the Qing Dynasty,0,1
争功,the Qing Dynasty,0,1
争论,the Qing Dynasty,0,4
挣扎不脱,the Qing Dynasty,0,1
整饬文风,the Qing Dynasty,0,1
整顿学务,the Qing Dynasty,0,1
支持,the Qing Dynasty,0,3
支持不住,the Qing Dynasty,0,1
支饰,the Qing Dynasty,0,1
指拨宫人炮制牡丹,the Qing Dynasty,0,1
指挥狐群狗党,the Qing Dynasty,0,1
指挥她们弄茶弄水，煮饭做菜,the Qing Dynasty,0,1
指挥下人收拾一切畜类遗骸,the Qing Dynasty,0,1
指挥诸将,the Qing Dynasty,0,1
指手划脚,the Qing Dynasty,0,1
指着铺设,the Qing Dynasty,0,1
指指点点,the Qing Dynasty,0,1
嘱付,the Qing Dynasty,0,1
专心尽力一拳一脚想将胡惠乾打死以泄机房中人之辱,the Qing Dynasty,0,1
专心学道,the Qing Dynasty,0,1
转回来,the Qing Dynasty,0,1
转念,the Qing Dynasty,0,1
追赶,the Qing Dynasty,0,2
追擒那盗取首级的奸细,the Qing Dynasty,0,1
追去,the Qing Dynasty,0,1
追杀各打手,the Qing Dynasty,0,1
追思,the Qing Dynasty,0,1
追思前事,the Qing Dynasty,0,1
捉你不着,the Qing Dynasty,0,1
自解自叹,the Qing Dynasty,0,1
自思,the Qing Dynasty,0,1
自叹,the Qing Dynasty,0,2
自言白语埋怨,the Qing Dynasty,0,1
自言自语,the Qing Dynasty,0,2
自怨时衰,the Qing Dynasty,0,1
自怨自艾,the Qing Dynasty,0,2
自斟自饮,the Qing Dynasty,0,1
走,the Qing Dynasty,0,2
走得头昏,the Qing Dynasty,0,1
走过无数的号舍,the Qing Dynasty,0,2
走投无路,the Qing Dynasty,0,1
走着,the Qing Dynasty,0,2
遵奉御旨,the Qing Dynasty,0,1
左近窥探,the Qing Dynasty,0,1
左思有想,the Qing Dynasty,0,1
左思右想,the Qing Dynasty,0,1
左右为难,the Qing Dynasty,0,2
作法,the Qing Dynasty,0,3
作急,the Qing Dynasty,0,1
作难,the Qing Dynasty,0,2
作针线,the Qing Dynasty,0,1
做菜,the Qing Dynasty,0,1
做法事,the Qing Dynasty,0,1
做着七盏灯的《烈女传》,the Qing Dynasty,0,1
搬运柴草,the Qing Dynasty,0,1
试花,the Qing Dynasty,0,1
根究奸党,the Qing Dynasty,0,1
战守,the Qing Dynasty,0,1
作画,the Qing Dynasty,0,1
打铁,the Qing Dynasty,0,1
疑庄疑释、虚诞无实之淫辞,the Qing Dynasty,0,1
舞蹈,the Qing Dynasty,0,1
寻觅,the Qing Dynasty,0,1
提倡清流,the Qing Dynasty,0,1
饬查问,the Qing Dynasty,0,1
乏食,the Qing Dynasty,0,1
束装,the Qing Dynasty,0,1
兴修,the Qing Dynasty,0,1
施威,the Qing Dynasty,0,1
梳妆,the Qing Dynasty,0,1
兴作,the Qing Dynasty,0,1
博证远引,the Qing Dynasty,0,1
料理遣发,the Qing Dynasty,0,1
料理船只,the Qing Dynasty,0,1
盛溢,the Qing Dynasty,0,1
疏孙家渡以杀河势,the Qing Dynasty,0,1
辨贼,the Qing Dynasty,0,1
兴筑,the Qing Dynasty,0,1
确估工料兴修,the Qing Dynasty,0,1
动工挑穵,the Qing Dynasty,0,1
挑穵,the Qing Dynasty,0,2
修工,the Qing Dynasty,0,1
兴工,the Qing Dynasty,0,1
修筑,the Qing Dynasty,0,1
堵築未完,the Qing Dynasty,0,1
上紧挑穵,the Qing Dynasty,0,1
上紧挑穵使深,the Qing Dynasty,0,1
铺砌未完,the Qing Dynasty,0,1
踌蹰,the Qing Dynasty,0,2
巡历,the Qing Dynasty,0,1
逐捕,the Qing Dynasty,0,1
安戢释疑,the Qing Dynasty,0,1
传疑,the Qing Dynasty,0,1
分布营垒,the Qing Dynasty,0,2
需人,the Qing Dynasty,0,1
計議圍蘭取鞏,the Qing Dynasty,0,1
用兵,the Qing Dynasty,0,2
确察得实,the Qing Dynasty,0,1
涤场,the Qing Dynasty,0,1
徬徨,the Qing Dynasty,0,1
究擬,the Qing Dynasty,0,1
議復,the Qing Dynasty,0,1
催比,the Qing Dynasty,0,1
搜缉,the Qing Dynasty,0,1
严察挐究,the Qing Dynasty,0,1
料理宣泄,the Qing Dynasty,0,1
乞言,the Qing Dynasty,0,1
企遲,the Qing Dynasty,0,1
读左传,the Qing Dynasty,0,1
