The collocation tendency of ZAI with different situation types,,
Verbs,Situation Type,ZHE
上,Activity,5
下,Activity,69
丢,Activity,5
丰富,Activity,2
串,Activity,9
主持,Activity,4
举,Activity,208
举行,Activity,5
乘,Activity,7
买,Activity,15
了解,Activity,1
争吵,Activity,5
争夺,Activity,8
争论,Activity,6
交,Activity,3
交代,Activity,5
交换,Activity,12
交流,Activity,10
产生,Transition,7
享受,Activity,50
亲,Activity,12
介绍,Activity,30
代替,Activity,2
代表,State,50
企图,State,1
休养,Activity,1
休息,Activity,5
传,Activity,11
伸,Activity,139
住,Activity,212
体会,Activity,1
体现,State,15
作,Activity,39
佩服,State,1
使,State,13
使唤,Activity,2
使用,Activity,8
依傍,Activity,1
依赖,State,1
依靠,Activity,7
保卫,Activity,9
保守,State,1
保护,Activity,29
保持,State,214
保留,Activity,35
保证,State,1
信,State,3
信任,State,1
修,Activity,3
修理,Activity,3
倒,Activity,25
假装,Activity,6
做,Activity,182
停,Activity,78
停止,Transition,4
停留,Activity,5
停顿,State,1
偷,Activity,70
催,Activity,110
像,State,9
关,Activity,66
关心,State,27
具备,State,5
养,Activity,57
养活,State,9
冒,Activity,376
写,Activity,626
冲,Activity,23
冲突,Activity,1
决定,Transition,9
冻,Activity,9
准备,Activity,93
凑,Activity,20
出,Activity,14
出现,Transition,3
凿,Activity,2
分,Activity,9
分析,Activity,13
分配,Activity,1
切,Activity,12
划,Activity,17
创造,Transition,2
判断,Activity,20
利用,Activity,3
刮,Activity,60
制定,Activity,1
刷,Activity,9
刺激,Activity,13
削弱,Transition,1
前进,Activity,14
剔,Activity,1
剥削,Activity,2
剩,Activity,11
剪,Activity,22
割,Activity,18
劈,Activity,1
劝,Activity,27
劝解,Activity,3
办,Activity,7
加,Activity,10
加强,Transition,5
动,Activity,59
动员,Activity,1
劳动,Activity,16
勾下,Transition,1
包,Activity,56
包围,Activity,54
升,Activity,5
卖,Activity,2
占有,Activity,2
占满,Transition,1
占领,Activity,4
印,Activity,100
卷,Activity,22
压,Activity,96
压低,Transition,3
压迫,Activity,23
原谅,Transition,1
去,Transition,7
叉开,Transition,2
反抗,Activity,3
反映,Activity,22
反省,Activity,1
发,Activity,227
发展,Activity,48
发挥,Activity,49
发现,Transition,1
发生,Transition,26
取,Activity,4
受,Activity,147
变,Activity,6
变化,Activity,14
叙述,Activity,9
叠,Activity,24
叩响,Transition,1
叫,Activity,468
号召,Activity,2
叹,Activity,30
吃,Activity,303
吐,Activity,61
吞,Activity,4
听,Activity,1072
吵,Activity,52
吸,Activity,199
吸引,Activity,60
吸饱,Transition,1
吹,Activity,176
告诉,Transition,4
呼吸,Activity,14
呼唤,Activity,31
咬,Activity,397
咳嗽,Activity,17
咽,Activity,13
哄,Activity,42
响,Activity,305
哑,Activity,22
哭,Activity,338
唱,Activity,213
啃,Activity,20
商量,Activity,65
喂,Activity,10
喊,Activity,453
喘,Activity,152
喜欢,State,1
喝,Activity,197
喷,Activity,92
嘱咐,Activity,26
嚷,Activity,197
嚼,Activity,60
回忆,Activity,40
回答,Activity,60
坐,Activity,1368
坚持,State,48
垫,Activity,20
埋,Activity,105
埋怨,Activity,12
埋藏,Activity,2
培养,Activity,2
堆,Activity,108
堆满,Transition,1
堵,Activity,43
塞,Activity,17
塞满,Transition,2
填满,Transition,1
增加,Transition,9
增长,Activity,8
处理,Activity,2
夸,Activity,2
夸奖,Activity,4
夹,Activity,338
夺,Activity,2
奋斗,Activity,7
奔,Activity,18
奔走,Activity,2
奔跑,Activity,33
套,Activity,24
威胁,Activity,54
存,State,67
学,Activity,195
学习,Activity,4
守,Activity,202
安,Activity,6
安慰,Activity,34
安排,Activity,7
定,Activity,7
实行,Activity,2
实践,Activity,5
审问,Activity,1
宣传,Activity,2
宣布,Activity,2
寻找,Activity,31
射,Activity,16
尝,Activity,6
尽,Activity,27
展开,Transition,4
工作,Activity,36
希望,State,12
带,Activity,3327
帮,Activity,208
帮助,Activity,9
干,Activity,61
庆祝,Activity,1
应付,Activity,1
延长,Transition,1
建立,Transition,1
建设,Activity,2
开,Activity,338
开动,Activity,3
开展,Activity,3
弄,Activity,31
引诱,Activity,5
张开,Transition,3
张望,Activity,26
弯,Activity,131
弹,Activity,29
当,Activity,68
形成,State,1
影响,Activity,63
征求,Activity,5
忌妒,State,1
忍,Activity,134
忍受,Activity,52
忍耐,State,53
念,Activity,136
怀念,Activity,23
怀疑,Activity,5
怨,Activity,1
怪,State,1
总结,Activity,2
恋爱,Activity,1
恢复,Transition,1
恨,State,17
惦记,Activity,53
想,Activity,849
想念,Activity,20
愁,Activity,22
意味,State,206
感谢,Activity,4
战斗,Activity,12
戴,Activity,407
扇,Activity,7
扎,Activity,63
扑,Activity,22
扑灭,Transition,1
打,Activity,179
打击,Activity,5
打听,Activity,6
打开,Transition,1
打扮,Activity,4
打算,State,2
扔,Activity,25
托,Activity,148
托重,Activity,1
扛,Activity,24
扣,Activity,28
扣留,Activity,1
执行,Activity,11
扩充,Activity,2
扩大,Transition,7
扫,Activity,25
扭,Activity,109
扯,Activity,121
扶,State,452
批评,Activity,2
找,Activity,185
承担,Activity,14
承认,Activity,3
抄,Activity,25
抓,Activity,190
投,Activity,3
折磨,Activity,26
折腾,Activity,1
抛,Activity,10
抛弃,Transition,2
抢,Activity,352
报告,Activity,14
披,Activity,216
抬,Activity,164
抱,Activity,1022
抱怨,Activity,13
抵抗,Activity,9
抹,Activity,80
抽,Activity,157
担,Activity,28
担任,Activity,6
担心,Activity,37
拉,Activity,1023
拉下,Transition,1
拉长,Transition,3
拍,Activity,498
拐,Activity,7
拔,Activity,5
拖,Activity,311
拖延,Activity,6
招,Activity,6
招呼,Activity,67
招待,Activity,3
拥抱,Activity,28
拦,Activity,76
拧,Activity,31
拨,Activity,27
拴,Activity,7
拼,Activity,15
拾,Activity,2
拿,Activity,1477
挂,Activity,580
指,Activity,983
指导,Activity,1
指挥,Activity,66
指望,State,13
指点,Activity,71
按,Activity,69
挑,Activity,128
挑选,Activity,1
挖,Activity,25
挡,Activity,49
挣扎,Activity,156
挣紧,Transition,1
挣脱,Transition,3
挤,Activity,91
挤满,Transition,2
挨,Activity,192
挨挤,Activity,1
挪,Activity,4
捂,Activity,94
捆,Activity,18
捉,Activity,13
捏,Activity,193
捞,Activity,3
损害,Activity,2
捡,Activity,7
换,Activity,19
捣,Activity,4
捧,Activity,400
捻,Activity,35
掀,Activity,18
掉,Activity,9
掌握,Activity,38
掏,Activity,8
掐,Activity,14
排,Activity,49
排列,Activity,30
掘,Activity,5
探,Activity,28
探望,Activity,2
接受,Activity,10
接待,Activity,5
控制,Activity,47
控诉,Activity,2
推,Activity,158
掩护,Activity,19
掩盖,Activity,9
掩饰,Activity,1
掰,Activity,1
掸,Activity,4
揉,Activity,94
描,Activity,2
描写,Activity,4
提,Activity,449
提议,Transition,2
提醒,Activity,20
提高,Transition,4
插,Activity,112
握,Activity,407
握紧,Transition,2
揭,Activity,3
揭开,Transition,1
搀,Activity,69
搁,Activity,29
搂,Activity,143
搅,Activity,11
搅乱,Transition,2
搓,Activity,53
搜查,Activity,1
搬,Activity,22
搭,Activity,77
摆,Activity,295
摆平,Transition,1
摇,Activity,373
摇晃,Activity,87
摊,Activity,8
摔,Activity,6
摘,Activity,6
摸,Activity,304
撒,Activity,14
撕,Activity,17
撕碎,Transition,2
撕裂,Transition,10
撞,Activity,2
撵,Activity,20
操心,Activity,4
操纵,Activity,3
擦,Activity,265
攀,Activity,2
支持,Activity,48
支配,State,17
收,Activity,35
收拾,Activity,29
收获,Activity,1
改,Transition,5
改变,Transition,19
改善,Transition,1
改正,Transition,1
改进,Transition,1
改造,Activity,1
攻击,Activity,1
放,Activity,389
教,Activity,7
教育,Activity,3
敞开,Transition,34
散,Activity,35
散布,Activity,15
敬,Activity,11
数,Activity,43
敲,Activity,213
斗,Activity,1
斗争,Activity,16
旋转,Activity,37
昏迷,Activity,1
晒,Activity,36
晾,Activity,5
替换,Transition,2
有,State,229
望,Activity,3850
杀,Activity,1
来,Transition,73
来往,Activity,3
松,Activity,3
松开,Transition,1
染,Activity,16
查,Activity,4
标志,State,226
校对,Activity,2
校正,Activity,1
栽,Activity,13
梳,Activity,82
检查,Activity,9
检讨,Activity,1
欠,Activity,24
欢迎,Activity,3
欣赏,Activity,42
欺骗,Activity,3
歇,Activity,52
死,Transition,4
比较,Activity,13
求,Activity,20
沉,Activity,10
治,Activity,2
沾,Activity,32
沾满,Transition,1
泄露,Transition,2
泡,Activity,16
注意,Activity,38
洒,Activity,16
洗,Activity,30
活,State,576
活动,Activity,18
派,Transition,1
流,Activity,221
流传,Activity,34
流动,Activity,17
流行,State,4
流露,Activity,3
浇,Activity,8
测量,Activity,2
浮满,Transition,1
浸湿,Transition,1
浸透,Transition,1
涂,Activity,34
涂满,Transition,1
消灭,Transition,2
淋,Activity,9
混,Activity,26
淹,Activity,1
添,Activity,6
清理,Activity,11
渗,Activity,1
游,Activity,16
滚,Activity,47
滴落,Transition,3
漏,Activity,1
演,Activity,6
炒,Activity,3
点,Activity,306
炼,Activity,2
烤,Activity,16
烧,Activity,39
烧满,Transition,1
烫,Activity,14
热爱,State,8
煎,Activity,4
照,Activity,138
照亮,Transition,3
照料,Activity,3
照顾,Activity,17
煮,Activity,12
熬,Activity,13
爬,Activity,40
爱,State,72
牵,Activity,283
牺牲,Transition,1
犯,Activity,9
猜,Activity,31
献,Activity,2
率领,Activity,1
玩,Activity,2
玩耍,Activity,1
理,Activity,10
琢磨,Activity,28
生,Activity,65
生活,State,36
生长,State,16
用,Activity,46
画,Activity,82
留,Activity,394
疼,State,1
病,Activity,6
登,Activity,24
监督,Activity,14
盖,Activity,126
盘问,Activity,3
盛,Activity,74
盯,Activity,781
相信,State,4
盼,State,112
盼望,State,68
看,Activity,4062
睁大,Transition,4
睁开,Transition,2
睡,Activity,200
督促,Activity,5
瞎,State,1
砍,Activity,5
研究,Activity,20
破,Activity,1
破坏,Transition,2
砸,Activity,9
确定,Transition,1
碰,Activity,44
碾,Activity,4
磕,Activity,17
磨,Activity,10
种,Activity,35
称,Activity,4
称赞,Activity,14
移动,Activity,48
穿,Activity,969
立,Activity,103
站,Activity,967
站满,Transition,1
端,Activity,345
笑,Activity,3834
等,Activity,1460
等候,Activity,76
等待,Activity,244
答应,Activity,74
筛,Activity,1
筹备,Activity,3
签,Activity,2
算,Activity,16
算计,Activity,4
管,Activity,65
管理,Activity,1
糊,Activity,12
糟蹋,Activity,1
纠正,Activity,2
纪念,Activity,3
练,Activity,4
练习,Activity,5
织,Activity,8
经受,Activity,8
绑,Activity,38
结合,Activity,6
绕,Activity,135
绣,Activity,47
维护,Activity,10
维持,Activity,39
编,Activity,11
缝,Activity,18
缠,Activity,74
缩,Activity,40
缩紧,Transition,1
缺,State,5
羡慕,State,9
翻,Activity,152
翻开,Transition,1
考虑,Activity,35
考验,Activity,5
耽误,Activity,1
联合,Activity,1
联系,Activity,20
肿,Activity,4
背,Activity,170
脱,Activity,14
腾,Activity,1
舔,Activity,6
花,Activity,3
落,Activity,41
蒙蔽,State,3
蒸,Activity,2
藏,State,120
蘸,Activity,20
补,Activity,9
补充,Transition,16
表演,Activity,5
表示,Activity,42
表达,Activity,15
裂,Transition,2
裂开,Transition,1
装,Activity,285
装满,Transition,2
裹,Activity,87
要求,State,16
观察,Activity,61
解,Activity,9
解决,Activity,1
解开,Transition,1
解放,Transition,1
解释,Activity,33
警告,Activity,8
计算,Activity,31
订,Activity,1
认,Activity,1
讨,Activity,3
讨厌,State,1
讨论,Activity,7
让,Activity,17
训练,Activity,1
议论,Activity,50
记,Activity,172
记录,Activity,17
讲,Activity,69
评论,Activity,6
试,Activity,89
试验,Activity,3
说,Activity,4101
请,Activity,4
请求,Activity,4
读,Activity,122
调,Activity,4
调动,Activity,1
调整,Activity,2
调解,Activity,1
谈,Activity,203
谈论,Activity,65
谢,Activity,2
负担,State,2
贡献,Activity,1
责备,Activity,5
贪,State,4
贪图,State,2
贴,Activity,172
赔,Activity,37
走,Activity,888
走向,Activity,1
赶,Activity,88
起,Activity,120
趴,Activity,2
跌,Transition,1
跑,Activity,143
跟,State,910
跟随,State,6
跪,Activity,96
跳,Activity,165
跳舞,Activity,2
踏,Activity,281
踢,Activity,34
踩,Activity,108
蹂躏,Activity,2
蹦,Activity,5
蹲,Activity,89
躲,Activity,101
躲藏,Activity,3
躲避,Activity,23
躺,Activity,406
轧,Activity,1
转,Activity,118
转变,Transition,1
轰动,State,1
输,Activity,2
过,Activity,165
迈进,Transition,1
迎接,Activity,25
运,Activity,2
运用,Activity,1
进行,Activity,117
迷,State,5
迷信,State,3
追,Activity,158
追求,Activity,9
退,Activity,2
送,Activity,44
选,Activity,1
透,Activity,87
递,Activity,4
逗,Activity,27
逗人,Activity,1
通,Activity,2
逮,Activity,1
逮捕,Activity,2
逼,Activity,202
遗留,State,2
遵守,Activity,3
避,Activity,12
避免,Transition,3
配,Activity,20
配合,Activity,23
酝酿,Activity,18
醒,Activity,40
重复,Activity,3
量,Activity,1
钉,Activity,48
钻,Activity,9
铺,Activity,93
锁,Activity,61
锯,Activity,4
锻炼,Activity,4
镇压,Activity,2
长满,Transition,1
闪,Activity,297
闭,Activity,208
问,Activity,148
闹,Activity,114
闻,Activity,38
阅读,Activity,1
防备,Activity,9
阻挡,Activity,5
降落,Activity,2
限制,Activity,4
陪,Activity,563
隐瞒,Activity,4
隐藏,Activity,43
雇,State,4
需要,State,7
震动,Activity,11
靠,Activity,146
靠近,Transition,2
顶,Activity,130
顺,Activity,69
预备,Activity,37
领导,Activity,20
飘,Activity,58
飘扬,Activity,4
飞,Activity,39
饿,Activity,55
驮,Activity,24
驾驶,Activity,20
骂,Activity,140
骑,Activity,222
骗,Activity,2
鼓励,Activity,15
飘荡,Activity,4
颤,Activity,2
颤抖,Activity,3
陪伴,Activity,9
闪烁,Activity,11
追赶,Activity,2
运行,Activity,1
跳动,Activity,3
踌躇,Activity,12
谈笑,Activity,2
询问,Activity,1
计划,Activity,12
筹划,Activity,3
看守,Activity,2
监视,Activity,11
盘算,Activity,13
犹豫,Activity,3
燃烧,Activity,8
爱慕,State,1
流淌,Activity,5
期待,Activity,19
期盼,State,1
暗恋,Activity,1
晃动,Activity,2
整理,Activity,4
播放,Activity,2
摸索,Activity,4
搬运,Activity,1
探索,Activity,3
拉扯,Activity,1
抖,Activity,3
抚摸,Activity,13
打扫,Activity,1
打量,Activity,2
想象,Activity,8
思索,Activity,4
思考,Activity,2
忙,Activity,111
忙碌,Activity,4
忧虑,State,1
念叨,Activity,3
徘徊,Activity,11
安装,Activity,1
困扰,State,10
哭泣,Activity,2
吼,Activity,6
呻吟,Activity,1
向往,State,7
变换,Activity,2
努力,Activity,3
包扎,Activity,2
制造,Activity,1
关注,Activity,10
兴奋,State,2
交谈,Activity,3
催促,Activity,1
争,Activity,42
传阅,Activity,1
侦察,Activity,1
保护,Activity,5
修补,Activity,1
关照,State,3
关闭,Transition,2
冻僵,Transition,1
动摇,Activity,2
叫,Activity,50
响,Activity,1
存在,Activity,264
怨,Activity,1
惊讶,State,1
迷恋,State,4
